Workbook

Sheet Dashboard
A1: PDM BINGOLON
A3: DUN | B3: DAERAH MENGUNDI | C3: BILANGAN PENGUNDI BERDAFTAR | D3: Anggaran Peratusan Turun Mengundi (75%) | E3: Sasaran UNDI 60% | F3: SASARAN KETUA KELUARGA (K10) | G3: JUMLAH K10 TERKINI | H3: PUTIH TERKINI | I3: Atas Pagar | J3: HITAM | K3: TIDAK KENAL | L3: Meninggal Dunia | M3: Pengundi Luar PARLIMEN | N3: Pengundi Luar SABAH | O3: PECAHAN PENGUNDI MENGIKUT UMUR
O4: 18 - 30 | P4: 31 - 45 | Q4: 46 - KEATAS
A5: BINGOLON | B5: KG BINGOLON | C5: =SUM('PENGUNDI BINGOLON'!U2:U593) -> 592 | D5: =C5*75/100 -> 444 | E5: =SUM(D5*55/100) -> 244.2 | F5: =SUM(E5/10) -> 24.42 | G5: =SUM('PENGUNDI BINGOLON'!K2:K593) -> 0 | H5: =SUM('PENGUNDI BINGOLON'!L2:L593) -> 0 | I5: =SUM('PENGUNDI BINGOLON'!M2:M593) -> 0 | J5: =SUM('PENGUNDI BINGOLON'!N2:N593) -> 0 | K5: =SUM('PENGUNDI BINGOLON'!O2:O593) -> 0 | L5: =SUM('PENGUNDI BINGOLON'!P2:P593) -> 0 | M5: =SUM('PENGUNDI BINGOLON'!Q2:Q593) -> 0 | N5: =SUM('PENGUNDI BINGOLON'!R2:R593) -> 0
B6: KG PANUDAHAU | C6: =SUM('PENGUNDI BINGOLON'!U594:U625) -> 32 | D6: =C6*75/100 -> 24 | E6: =SUM(D6*55/100) -> 13.2 | F6: =SUM(E6/10) -> 1.32 | G6: =SUM('PENGUNDI BINGOLON'!K594:K625) -> 0 | H6: =SUM('PENGUNDI BINGOLON'!L594:L625) -> 0 | I6: =SUM('PENGUNDI BINGOLON'!M594:M625) -> 0 | J6: =SUM('PENGUNDI BINGOLON'!N594:N625) -> 0 | K6: =SUM('PENGUNDI BINGOLON'!O594:O625) -> 0 | L6: =SUM('PENGUNDI BINGOLON'!P594:P625) -> 0 | M6: =SUM('PENGUNDI BINGOLON'!Q594:Q625) -> 0 | N6: =SUM('PENGUNDI BINGOLON'!R594:R625) -> 0
A7: JUMLAH | C7: =SUM(C5:C6) -> 624 | D7: =SUM(D5:D6) -> 468 | E7: =SUM(E5:E6) -> 257.4 | F7: =SUM(F5:F6) -> 25.74 | G7: =SUM(G5:G6) -> 0 | H7: =SUM(H5:H6) -> 0 | I7: =SUM(I5:I6) -> 0 | J7: =SUM(J5:J6) -> 0 | ... Q7: =SUM(Q5:Q6) -> 0

Sheet PENGUNDI BINGOLON
A1: NO | B1: NO KP | C1: IC LAMA | D1: S | E1: LAHIR | F1: NAMA PENUH | G1: PARLIMEN | H1: DM | I1: LOKALITI | J1: NO TELEFON | K1: K10 | L1: P | M1: AP | N1: H | O1: TAK KENAL | P1: X DUNIA | Q1: SABAH LABUAN | R1: LUAR SABAH | S1: Perincian | T1: TAGING | U1: D | V1: TAMBANG | W1: SEWA KERETA | X1: Delivered
A2: 1 | B2: 201126125003 | C2: H0262206 | D2: L | E2: 1920 | F2: LENFOOK BIN UMPOT | G2: KOTA MARUDU | H2: BINGOLON | I2: KG BINGOLON | U2: 1
A3: 2 | B3: 331112125366 | C3: H0262205 | D3: P | E3: 1933 | F3: TALUMA BINTI ONGMUT | G3: KOTA MARUDU | H3: BINGOLON | I3: KG BINGOLON | U3: 1
A4: 3 | B4: 341129125150 | C4: H0247282 | D4: P | E4: 1934 | F4: ROMBIYEN BINTI MONGISAN | G4: KOTA MARUDU | H4: BINGOLON | I4: KG BINGOLON | U4: 1
A5: 4 | B5: 341129125302 | C5: H0266605 | D5: P | E5: 1934 | F5: YANGAU BINTI BANSUL | G5: KOTA MARUDU | H5: BINGOLON | I5: KG BINGOLON | U5: 1
A6: 5 | B6: 361124125096 | C6: H0165570 | D6: P | E6: 1936 | F6: MONGOLIHIT BINTI SORUBIL | G6: KOTA MARUDU | H6: BINGOLON | I6: KG BINGOLON | U6: 1
A7: 6 | B7: 380807125056 | C7: H0165576 | D7: P | E7: 1938 | F7: ENALESAN BINTI GAZOT | G7: KOTA MARUDU | H7: BINGOLON | I7: KG BINGOLON | U7: 1
A8: 7 | B8: 391012125152 | C8: H0160512 | D8: P | E8: 1939 | F8: LANUN BINTI MONUPANG | G8: KOTA MARUDU | H8: BINGOLON | I8: KG BINGOLON | U8: 1
A9: 8 | B9: 410125125168 | C9: H0266604 | D9: P | E9: 1941 | F9: ARAMBAI BINTI SABOIN | G9: KOTA MARUDU | H9: BINGOLON | I9: KG BINGOLON | U9: 1
A10: 9 | B10: 410617125164 | C10: H0261145 | D10: P | E10: 1941 | F10: DOLINHAK BINTI KOLUMBAI | G10: KOTA MARUDU | H10: BINGOLON | I10: KG BINGOLON | U10: 1
A11: 10 | B11: 440109125157 | C11: H0327948 | D11: L | E11: 1944 | F11: PUTOK BIN ARU | G11: KOTA MARUDU | H11: BINGOLON | I11: KG BINGOLON | U11: 1
A12: 11 | B12: 481204125199 | C12: H0285616 | D12: L | E12: 1948 | F12: UNKAR BIN MASAPAN | G12: KOTA MARUDU | H12: BINGOLON | I12: KG BINGOLON | U12: 1
A13: 12 | B13: 511030125221 | C13: H0224334 | D13: L | E13: 1951 | F13: AKMARLIM BIN JAMA | G13: KOTA MARUDU | H13: BINGOLON | I13: KG BINGOLON | U13: 1
... A68: 67 | B68: 700531125724 | C68: H0800056 | D68: P | E68: 1970 | F68: RISLIAH BINTI MONGINTAP @ ONGINTAP | G68: KOTA MARUDU | H68: BINGOLON | I68: KG BINGOLON | U68: 1
A69: 68 | B69: 700812125544 | D69: P | E69: 1970 | F69: MAINAH BINTI MOLISUN | G69: KOTA MARUDU | H69: BINGOLON | I69: KG BINGOLON | U69: 1
A70: 69 | B70: 701111125861 | C70: H0872422 | D70: L | E70: 1970 | F70: MAJUNING @ RENDY BIN UENSAI | G70: KOTA MARUDU | H70: BINGOLON | I70: KG BINGOLON | U70: 1
A71: 70 | B71: 710227125411 | C71: H0773793 | D71: L | E71: 1971 | F71: JOHNY BIN MOJULING | G71: KOTA MARUDU | H71: BINGOLON | I71: KG BINGOLON | U71: 1
A72: 71 | B72: 720104125883 | C72: H0810659 | D72: L | E72: 1972 | F72: JOHNY BIN YENTAN @ JOHNY BIN ANTAN | G72: KOTA MARUDU | H72: BINGOLON | I72: KG BINGOLON | U72: 1
A73: 72 | B73: 720201125156 | C73: H0870211 | D73: P | E73: 1972 | F73: NORUMI BINTI UNKAR | G73: KOTA MARUDU | H73: BINGOLON | I73: KG BINGOLON | U73: 1
A74: 73 | B74: 720617125141 | D74: L | E74: 1972 | F74: MATUS BIN RUTUM | G74: KOTA MARUDU | H74: BINGOLON | I74: KG BINGOLON | U74: 1
A75: 74 | B75: 721101125217 | C75: H0817029 | D75: L | E75: 1972 | F75: HALIM BIN JAMA | G75: KOTA MARUDU | H75: BINGOLON | I75: KG BINGOLON | U75: 1
A76: 75 | B76: 730107125474 | C76: H0864740 | D76: P | E76: 1973 | F76: KATIAH BINTI KAMPUN | G76: KOTA MARUDU | H76: BINGOLON | I76: KG BINGOLON | U76: 1
A77: 76 | B77: 730825125460 | C77: H0864742 | D77: P | E77: 1973 | F77: KASMAH BINTI TOVIL | G77: KOTA MARUDU | H77: BINGOLON | I77: KG BINGOLON | U77: 1
A78: 77 | B78: 740419125018 | D78: P | E78: 1974 | F78: KATIAH BINTI ONGIKAL | G78: KOTA MARUDU | H78: BINGOLON | I78: KG BINGOLON | U78: 1
A79: 78 | B79: 740528125009 | C79: H0960262 | D79: L | E79: 1974 | F79: JOMIEN @ FELLY MAJALI BIN YENTAN | G79: KOTA MARUDU | H79: BINGOLON | I79: KG BINGOLON | U79: 1
A80: 79 | B80: 740801125211 | C80: H0934360 | D80: L | E80: 1974 | F80: AIDI BIN HASSAN | G80: KOTA MARUDU | H80: BINGOLON | I80: KG BINGOLON | U80: 1
A81: 80 | B81: 750112125098 | C81: H0934364 | D81: P | E81: 1975 | F81: MARIA BINTI UNKAR | G81: KOTA MARUDU | H81: BINGOLON | I81: KG BINGOLON | U81: 1
A82: 81 | B82: 750503125183 | D82: L | E82: 1975 | F82: RICO RAYLIKO ONGIKAL | G82: KOTA MARUDU | H82: BINGOLON | I82: KG BINGOLON | U82: 1
A83: 82 | B83: 760316125873 | D83: L | E83: 1976 | F83: JAFRY BIN ALIM | G83: KOTA MARUDU | H83: BINGOLON | I83: KG BINGOLON | U83: 1
A84: 83 | B84: 760420126083 | C84: H0960342 | D84: L | E84: 1976 | F84: JOMINOL BIN MORIDING | G84: KOTA MARUDU | H84: BINGOLON | I84: KG BINGOLON | U84: 1
A85: 84 | B85: 760607125515 | D85: L | E85: 1976 | F85: EMBRAN BIN ABDUL MANAN | G85: KOTA MARUDU | H85: BINGOLON | I85: KG BINGOLON | U85: 1
A86: 85 | B86: 770103125377 | D86: L | E86: 1977 | F86: ILING BIN ONGIKAL | G86: KOTA MARUDU | H86: BINGOLON | I86: KG BINGOLON | U86: 1
A87: 86 | B87: 781111125901 | D87: L | E87: 1978 | F87: JOIN BIN ONGIKAL | G87: KOTA MARUDU | H87: BINGOLON | I87: KG BINGOLON | U87: 1
A88: 87 | B88: 791012126078 | D88: P | E88: 1979 | F88: ROSSILINA BINTI RUTUM | G88: KOTA MARUDU | H88: BINGOLON | I88: KG BINGOLON | U88: 1
A89: 88 | B89: 000111120591 | D89: L | E89: 2000 | F89: ALEXTO BIN JOHN | G89: KOTA MARUDU | H89: BINGOLON | I89: KG BINGOLON | U89: 1
A90: 89 | B90: 000203120441 | D90: L | E90: 2000 | F90: KENDY JOKIUS | G90: KOTA MARUDU | H90: BINGOLON | I90: KG BINGOLON | U90: 1
A91: 90 | B91: 000206120121 | D91: L | E91: 2000 | F91: REVALINO JONING | G91: KOTA MARUDU | H91: BINGOLON | I91: KG BINGOLON | U91: 1
A92: 91 | B92: 000624120431 | D92: L | E92: 2000 | F92: ELVIN LADIN | G92: KOTA MARUDU | H92: BINGOLON | I92: KG BINGOLON | U92: 1
A93: 92 | B93: 000703120536 | D93: P | E93: 2000 | F93: CE CHIA DRAGON | G93: KOTA MARUDU | H93: BINGOLON | I93: KG BINGOLON | U93: 1
A94: 93 | B94: 000710121203 | D94: L | E94: 2000 | F94: RAVIE BIN ALMAN | G94: KOTA MARUDU | H94: BINGOLON | I94: KG BINGOLON | U94: 1
A95: 94 | B95: 000727121744 | D95: P | E95: 2000 | F95: ROSNAH BINTI HAMIRI | G95: KOTA MARUDU | H95: BINGOLON | I95: KG BINGOLON | U95: 1
A96: 95 | B96: 000926121368 | D96: P | E96: 2000 | F96: SITI NORSIDA BINTI ELPAD | G96: KOTA MARUDU | H96: BINGOLON | I96: KG BINGOLON | U96: 1
... A224: 224 | B224: 740510126417 | D224: L | E224: 1974 | F224: HARRY BIN MONUNGKAD | G224: KOTA MARUDU | H224: BINGOLON | I224: KG BINGOLON | U224: 1
A225: 225 | B225: 740521125583 | C225: H0939109 | D225: L | E225: 1974 | F225: JEMIS BIN BALOSIN | G225: KOTA MARUDU | H225: BINGOLON | I225: KG BINGOLON | U225: 1
A226: 226 | B226: 740707125653 | C226: H0941930 | D226: L | E226: 1974 | F226: JOKIUS BIN KAYANGAN | G226: KOTA MARUDU | H226: BINGOLON | I226: KG BINGOLON | U226: 1
A227: 227 | B227: 740809125283 | C227: H0920475 | D227: L | E227: 1974 | F227: MAIDIN BIN MASAAT | G227: KOTA MARUDU | H227: BINGOLON | I227: KG BINGOLON | U227: 1
A228: 228 | B228: 740916125844 | D228: P | E228: 1974 | F228: ANGELINA BINTI SUGIRIT | G228: KOTA MARUDU | H228: BINGOLON | I228: KG BINGOLON | U228: 1
A229: 229 | B229: 741011125166 | D229: P | E229: 1974 | F229: MARIAM MAGOJA | G229: KOTA MARUDU | H229: BINGOLON | I229: KG BINGOLON | U229: 1
A230: 230 | B230: 750309125630 | C230: H0902691 | D230: P | E230: 1975 | F230: MARINA BINTI MOTIUN | G230: KOTA MARUDU | H230: BINGOLON | I230: KG BINGOLON | U230: 1
A231: 231 | B231: 750321125676 | D231: P | E231: 1975 | F231: JALUMI BINTI MAKUNCHI | G231: KOTA MARUDU | H231: BINGOLON | I231: KG BINGOLON | U231: 1
A232: 232 | B232: 751128125783 | D232: L | E232: 1975 | F232: BONNY BIN LANKAP | G232: KOTA MARUDU | H232: BINGOLON | I232: KG BINGOLON | U232: 1
A233: 233 | B233: 751225126024 | D233: P | E233: 1975 | F233: NORUNI BINTI MAJADUL | G233: KOTA MARUDU | H233: BINGOLON | I233: KG BINGOLON | U233: 1
A234: 234 | B234: 760120125812 | C234: H0921608 | D234: P | E234: 1976 | F234: HAILEN MANGADI | G234: KOTA MARUDU | H234: BINGOLON | I234: KG BINGOLON | U234: 1
A235: 236 | B235: 760914125021 | D235: L | E235: 1976 | F235: JONIUN BIN YENTAN @ ANTAN | G235: KOTA MARUDU | H235: BINGOLON | I235: KG BINGOLON | U235: 1
A236: 237 | B236: 761023125276 | D236: P | E236: 1976 | F236: SOTIA BINTI KAMPUN | G236: KOTA MARUDU | H236: BINGOLON | I236: KG BINGOLON | U236: 1
A237: 238 | B237: 770310125206 | D237: P | E237: 1977 | F237: JALINAH BINTI MAGARID | G237: KOTA MARUDU | H237: BINGOLON | I237: KG BINGOLON | U237: 1
A238: 239 | B238: 770322125983 | D238: L | E238: 1977 | F238: JODIN BIN MAKUNCHI | G238: KOTA MARUDU | H238: BINGOLON | I238: KG BINGOLON | U238: 1
A239: 240 | B239: 771213125241 | D239: L | E239: 1977 | F239: SELVISTER MOJULING | G239: KOTA MARUDU | H239: BINGOLON | I239: KG BINGOLON | U239: 1
A240: 242 | B240: 780316125310 | D240: P | E240: 1978 | F240: SIRI AYU BINTI BULUTONG | G240: KOTA MARUDU | H240: BINGOLON | I240: KG BINGOLON | U240: 1
A241: 243 | B241: 780501126286 | D241: P | E241: 1978 | F241: MOLLINA BINTI MAJADUL | G241: KOTA MARUDU | H241: BINGOLON | I241: KG BINGOLON | U241: 1
A242: 244 | B242: 780524125470 | D242: P | E242: 1978 | F242: MASIAH BINTI DUOVON | G242: KOTA MARUDU | H242: BINGOLON | I242: KG BINGOLON | U242: 1
A243: 246 | B243: 780629125602 | D243: P | E243: 1978 | F243: RUBINA BINTI YUNIS | G243: KOTA MARUDU | H243: BINGOLON | I243: KG BINGOLON | U243: 1
A244: 247 | B244: 780715125780 | D244: P | E244: 1978 | F244: PENNY @ VERINA BINTI LESA | G244: KOTA MARUDU | H244: BINGOLON | I244: KG BINGOLON | U244: 1
A245: 249 | B245: 781101125588 | D245: P | E245: 1978 | F245: HALIMAH BINTI TOVIL | G245: KOTA MARUDU | H245: BINGOLON | I245: KG BINGOLON | U245: 1
A246: 250 | B246: 781125125697 | D246: L | E246: 1978 | F246: JOHNNY BIN BALASIN | G246: KOTA MARUDU | H246: BINGOLON | I246: KG BINGOLON | U246: 1
... A525: 546 | B525: 991229125400 | D525: P | E525: 1999 | F525: VINAH PARATIN | G525: KOTA MARUDU | H525: BINGOLON | I525: KG BINGOLON | U525: 1
A526: 548 | B526: 430605125499 | C526: H0098128 | D526: L | E526: 1943 | F526: WONG KON FOOK @ AH FOOK | G526: KOTA MARUDU | H526: BINGOLON | I526: KG BINGOLON | U526: 1
A527: 549 | B527: 490620125221 | C527: H0076672 | D527: L | E527: 1949 | F527: RUTUM BIN UNJOU | G527: KOTA MARUDU | H527: BINGOLON | I527: KG BINGOLON | U527: 1
A528: 550 | B528: 510803125377 | C528: H0178459 | D528: L | E528: 1951 | F528: MURIBAN BIN MAJULAU | G528: KOTA MARUDU | H528: BINGOLON | I528: KG BINGOLON | U528: 1
A529: 551 | B529: 510815125331 | C529: H0148632 | D529: L | E529: 1951 | F529: MOKIUN BIN MONGINGKAP | G529: KOTA MARUDU | H529: BINGOLON | I529: KG BINGOLON | U529: 1
A530: 552 | B530: 520603125363 | C530: H0428835 | D530: L | E530: 1952 | F530: MAGARID BIN DUA | G530: KOTA MARUDU | H530: BINGOLON | I530: KG BINGOLON | U530: 1
A531: 553 | B531: 521028125133 | C531: H0281109 | D531: L | E531: 1952 | F531: MOJJOROD BIN KORONG | G531: KOTA MARUDU | H531: BINGOLON | I531: KG BINGOLON | U531: 1
A532: 554 | B532: 530914125183 | C532: H0148634 | D532: L | E532: 1953 | F532: MOTIUN BIN MASUBAN | G532: KOTA MARUDU | H532: BINGOLON | I532: KG BINGOLON | U532: 1
A533: 555 | B533: 570615125681 | C533: H0408006 | D533: L | E533: 1957 | F533: MAJAI BIN MONGGINGKAP | G533: KOTA MARUDU | H533: BINGOLON | I533: KG BINGOLON | U533: 1
A534: 556 | B534: 570717125244 | C534: H0165574 | D534: P | E534: 1957 | F534: MAUNGPIDANG BINTI MAJAWA | G534: KOTA MARUDU | H534: BINGOLON | I534: KG BINGOLON | U534: 1
A535: 557 | B535: 570727125221 | C535: H0309630 | D535: L | E535: 1957 | F535: NURAHIM BIN AMIRUL | G535: KOTA MARUDU | H535: BINGOLON | I535: KG BINGOLON | U535: 1
A536: 558 | B536: 570914125390 | C536: H0117210 | D536: P | E536: 1957 | F536: SINONGBUUM BINTI PASAZAH | G536: KOTA MARUDU | H536: BINGOLON | I536: KG BINGOLON | U536: 1
A537: 559 | B537: 571016125385 | C537: H0408248 | D537: L | E537: 1957 | F537: MANGASU BIN KORONG | G537: KOTA MARUDU | H537: BINGOLON | I537: KG BINGOLON | U537: 1
... A560: 584 | B560: 691023125099 | C560: H0759039 | D560: L | E560: 1969 | F560: NEUS PUDIN BIN BOROCKTONG | G560: KOTA MARUDU | H560: BINGOLON | I560: KG BINGOLON | U560: 1
A561: 585 | B561: 700115125100 | D561: P | E561: 1970 | F561: SINULOTING @ ELVIANIE BT MULASA | G561: KOTA MARUDU | H561: BINGOLON | I561: KG BINGOLON | U561: 1
A562: 586 | B562: 700203125442 | C562: H0785821 | D562: P | E562: 1970 | F562: BINILINGON BINTI BULUTONG | G562: KOTA MARUDU | H562: BINGOLON | I562: KG BINGOLON | U562: 1
A563: 587 | B563: 701005125411 | C563: H0826559 | D563: L | E563: 1970 | F563: HENDIRI @ HENDRY BIN MINAR | G563: KOTA MARUDU | H563: BINGOLON | I563: KG BINGOLON | U563: 1
A564: 588 | B564: 710115125927 | D564: L | E564: 1971 | F564: ROY RONNY AIGAU | G564: KOTA MARUDU | H564: BINGOLON | I564: KG BINGOLON | U564: 1
A565: 589 | B565: 710226125241 | C565: H0865394 | D565: L | E565: 1971 | F565: MOJUNGGU @ MELSON BIN MONGINGKAP | G565: KOTA MARUDU | H565: BINGOLON | I565: KG BINGOLON | U565: 1
A566: 590 | B566: 710326125417 | C566: H0759488 | D566: L | E566: 1971 | F566: PARATIN BIN MATJUNI @ MAJJUNI | G566: KOTA MARUDU | H566: BINGOLON | I566: KG BINGOLON | U566: 1
A567: 591 | B567: 710517125436 | C567: H0760170 | D567: P | E567: 1971 | F567: NAWAYA BINTI TUDANG @ INDANG | G567: KOTA MARUDU | H567: BINGOLON | I567: KG BINGOLON | U567: 1
A568: 592 | B568: 720216126119 | D568: L | E568: 1972 | F568: HELMAN BIN BAHALUCK | G568: KOTA MARUDU | H568: BINGOLON | I568: KG BINGOLON | U568: 1
A569: 593 | B569: 720706125557 | C569: H0865403 | D569: L | E569: 1972 | F569: JONUIL BULUTONG | G569: KOTA MARUDU | H569: BINGOLON | I569: KG BINGOLON | U569: 1
A570: 594 | B570: 720813125704 | C570: H0804390 | D570: P | E570: 1972 | F570: ROHANI BINTI RASIK | G570: KOTA MARUDU | H570: BINGOLON | I570: KG BINGOLON | U570: 1
A571: 595 | B571: 740720125199 | D571: L | E571: 1974 | F571: MANUIL BIN BULUTONG | G571: KOTA MARUDU | H571: BINGOLON | I571: KG BINGOLON | U571: 1
A572: 596 | B572: 750309125390 | D572: P | E572: 1975 | F572: MASRA BINTI ABDUL MANAN | G572: KOTA MARUDU | H572: BINGOLON | I572: KG BINGOLON | U572: 1
A573: 597 | B573: 751017125107 | C573: H0937664 | D573: L | E573: 1975 | F573: AZRIN BIN BERUMBUK | G573: KOTA MARUDU | H573: BINGOLON | I573: KG BINGOLON | U573: 1
A574: 598 | B574: 770302125820 | C574: H0941744 | D574: P | E574: 1977 | F574: IRENE BINTI OKURING | G574: KOTA MARUDU | H574: BINGOLON | I574: KG BINGOLON | U574: 1
A575: 599 | B575: 770707125255 | D575: L | E575: 1977 | F575: HILIARY BIN SADANGIT | G575: KOTA MARUDU | H575: BINGOLON | I575: KG BINGOLON | U575: 1
A576: 601 | B576: 781025125470 | D576: P | E576: 1978 | F576: DARIMAH BT SINABIN | G576: KOTA MARUDU | H576: BINGOLON | I576: KG BINGOLON | U576: 1
A577: 602 | B577: 781128126193 | D577: L | E577: 1978 | F577: JUHAIRY BIN SAMSAPIL | G577: KOTA MARUDU | H577: BINGOLON | I577: KG BINGOLON | U577: 1
A578: 603 | B578: 790316125707 | D578: L | E578: 1979 | F578: LIVEH BIN UNKAR | G578: KOTA MARUDU | H578: BINGOLON | I578: KG BINGOLON | U578: 1
A579: 605 | B579: 790723125608 | D579: P | E579: 1979 | F579: HASLINDA BINTI MONISUN | G579: KOTA MARUDU | H579: BINGOLON | I579: KG BINGOLON | U579: 1
A580: 606 | B580: 791206125276 | D580: P | E580: 1979 | F580: CERNEH BINTI MAJAI | G580: KOTA MARUDU | H580: BINGOLON | I580: KG BINGOLON | U580: 1
A581: 607 | B581: 800620126217 | D581: L | E581: 1980 | F581: JEBBLEN BIN OKURING | G581: KOTA MARUDU | H581: BINGOLON | I581: KG BINGOLON | U581: 1
...
