Workbook

Sheet Dashboard
A1: DASHBOARD PDM LAJONG
A3: DM | B3: LOKALITI | C3: BILANGAN PENGUNDI BERDAFTAR | D3: Anggaran Peratusan Turun Mengundi (75%) | E3: Sasaran UNDI 60% | F3: SASARAN KETUA KELUARGA (K10) | G3: JUMLAH K10 TERKINI | H3: PUTIH TERKINI | I3: Atas Pagar | J3: HITAM | K3: TIDAK KENAL | L3: Meninggal Dunia | M3: Pengundi Luar PARLIMEN | N3: Pengundi Luar SABAH | O3: PECAHAN PENGUNDI MENGIKUT UMUR
O4: 18 - 30 | P4: 31 - 45 | Q4: 46 - KEATAS
A5: LAJONG | B5: TINUTUDAN | C5: =SUM('PDM LAJONG'!V2:V204) -> 203 | D5: =C5*75/100 -> 152.25 | E5: =SUM(D5*55/100) -> 83.7375 | F5: =SUM(E5/10) -> 8.37375 | G5: =SUM('PDM LAJONG'!L2:L204) -> 0 | H5: =SUM('PDM LAJONG'!M2:M204) -> 0 | I5: =SUM('PDM LAJONG'!N2:N204) -> 0 | J5: =SUM('PDM LAJONG'!O2:O204) -> 0 | K5: =SUM('PDM LAJONG'!P2:P204) -> 0 | L5: =SUM('PDM LAJONG'!Q2:Q204) -> 0 | M5: =SUM('PDM LAJONG'!R2:R204) -> 0 | N5: =SUM('PDM LAJONG'!S2:S204) -> 0
B6: LAJONG | C6: =SUM('PDM LAJONG'!V205:V971) -> 767 | D6: =C6*75/100 -> 575.25 | E6: =SUM(D6*55/100) -> 316.3875 | F6: =SUM(E6/10) -> 31.63875 | G6: =SUM('PDM LAJONG'!L205:L971) -> 0 | H6: =SUM('PDM LAJONG'!M205:M971) -> 0 | I6: =SUM('PDM LAJONG'!N205:N971) -> 0 | J6: =SUM('PDM LAJONG'!O205:O971) -> 0 | K6: =SUM('PDM LAJONG'!P205:P971) -> 0 | L6: =SUM('PDM LAJONG'!Q205:Q971) -> 0 | M6: =SUM('PDM LAJONG'!R205:R971) -> 0 | N6: =SUM('PDM LAJONG'!S205:S971) -> 0
A7: JUMLAH | C7: =SUM(C5:C6) -> 970 | D7: =SUM(D5:D6) -> 727.5 | E7: =SUM(E5:E6) -> 400.125 | F7: =SUM(F5:F6) -> 40.0125 | G7: =SUM(G5:G6) -> 0 | H7: =SUM(H5:H6) -> 0 | I7: =SUM(I5:I6) -> 0 | J7: =SUM(J5:J6) -> 0 | ... M7: =SUM(M5:M6) -> 0 | O7: =SUM(O5:O6) -> 0 | P7: =SUM(P5:P6) -> 0 | Q7: =SUM(Q5:Q6) -> 0

Sheet PDM LAJONG
A1: NO | B1: NO KP | C1: IC LAMA | D1: S | E1: LAHIR | F1: NAMA PENUH | G1: PARLIMEN | H1: DUN | I1: DM | J1: LOKALITI | K1: NO TELEFON | L1: K10 | M1: P | N1: AP | O1: H | P1: TAK KENAL | Q1: X DUNIA | R1: SABAH LABUAN | S1: LUAR SABAH | T1: Perincian | U1: TAGING | V1: D | W1: TAMBANG | X1: SEWA KERETA | Y1: Delivered
A2: 1 | B2: 440916125276 | C2: H0056570 | D2: P | E2: 1944 | F2: PANG YET KYAU @ PANG THAU KYAU | G2: KOTA MARUDU | H2: MATUNGGONG | I2: LAJONG | J2: KG TINUTUDAN | V2: 1
A3: 2 | B3: 480115125299 | C3: H0278206 | D3: L | E3: 1948 | F3: UROK BIN UPONG | G3: KOTA MARUDU | H3: MATUNGGONG | I3: LAJONG | J3: KG TINUTUDAN | V3: 1
A4: 3 | B4: 511230125285 | C4: H0264838 | D4: L | E4: 1951 | F4: OSEWAN BIN AYONG | G4: KOTA MARUDU | H4: MATUNGGONG | I4: LAJONG | J4: KG TINUTUDAN | V4: 1
A5: 4 | B5: 521209125538 | C5: H0260578 | D5: P | E5: 1952 | F5: INDAYIU BINTI UENSAI | G5: KOTA MARUDU | H5: MATUNGGONG | I5: LAJONG | J5: KG TINUTUDAN | V5: 1
A6: 5 | B6: 570615125825 | C6: H0428834 | D6: L | E6: 1957 | F6: MATIMBUN BIN KADUWAN | G6: KOTA MARUDU | H6: MATUNGGONG | I6: LAJONG | J6: KG TINUTUDAN | V6: 1
A7: 6 | B7: 601007125433 | C7: H0469107 | D7: L | E7: 1960 | F7: JOMILING MARATIM | G7: KOTA MARUDU | H7: MATUNGGONG | I7: LAJONG | J7: KG TINUTUDAN | V7: 1
A8: 7 | B8: 640606125533 | C8: H0637375 | D8: L | E8: 1964 | F8: DSEMI BIN MATANGKAP | G8: KOTA MARUDU | H8: MATUNGGONG | I8: LAJONG | J8: KG TINUTUDAN | V8: 1
A9: 8 | B9: 681126125033 | C9: H0716759 | D9: L | E9: 1968 | F9: MADEOS B.N.C ANGKANGON | G9: KOTA MARUDU | H9: MATUNGGONG | I9: LAJONG | J9: KG TINUTUDAN | V9: 1
A10: 9 | B10: 690729125483 | C10: H0716832 | D10: L | E10: 1969 | F10: JONING BIN MARAIM | G10: KOTA MARUDU | H10: MATUNGGONG | I10: LAJONG | J10: KG TINUTUDAN | V10: 1
A11: 10 | B11: 720222125585 | C11: H0868374 | D11: L | E11: 1972 | F11: LETANIS BIN MAJUBE | G11: KOTA MARUDU | H11: MATUNGGONG | I11: LAJONG | J11: KG TINUTUDAN | V11: 1
A12: 11 | B12: 740817125574 | C12: H0960326 | D12: P | E12: 1974 | F12: JUINI BINTI MAJUBE | G12: KOTA MARUDU | H12: MATUNGGONG | I12: LAJONG | J12: KG TINUTUDAN | V12: 1
A13: 12 | B13: 750220125570 | C13: H0907430 | D13: P | E13: 1975 | F13: ROSSEY BINTI MATIUS | G13: KOTA MARUDU | H13: MATUNGGONG | I13: LAJONG | J13: KG TINUTUDAN | V13: 1
... A15: 14 | B15: 760208125470 | C15: H0929418 | D15: P | E15: 1976 | F15: ROSE BINTI AKANDANG | G15: KOTA MARUDU | H15: MATUNGGONG | I15: LAJONG | J15: KG TINUTUDAN | V15: 1
A16: 15 | B16: 000114120589 | D16: L | E16: 2000 | F16: RICKO AZVEN BIN ATUNG | G16: KOTA MARUDU | H16: MATUNGGONG | I16: LAJONG | J16: KG TINUTUDAN | V16: 1
A17: 16 | B17: 000322120014 | D17: P | E17: 2000 | F17: VELLMA ERNICCA REVEUS | G17: KOTA MARUDU | H17: MATUNGGONG | I17: LAJONG | J17: KG TINUTUDAN | V17: 1
A18: 17 | B18: 000326120409 | D18: L | E18: 2000 | F18: CARL DYONY ND SELVOSIUS | G18: KOTA MARUDU | H18: MATUNGGONG | I18: LAJONG | J18: KG TINUTUDAN | V18: 1
A19: 18 | B19: 000518120526 | D19: P | E19: 2000 | F19: NORAANIZANISANIZA BINTI JULAIDI | G19: KOTA MARUDU | H19: MATUNGGONG | I19: LAJONG | J19: KG TINUTUDAN | V19: 1
A20: 19 | B20: 000616120538 | D20: P | E20: 2000 | F20: NURAFIQAH BINTI ASOI @ JOHN | G20: KOTA MARUDU | H20: MATUNGGONG | I20: LAJONG | J20: KG TINUTUDAN | V20: 1
A21: 20 | B21: 000721120927 | D21: L | E21: 2000 | F21: AIRON BIN MAIL | G21: KOTA MARUDU | H21: MATUNGGONG | I21: LAJONG | J21: KG TINUTUDAN | V21: 1
A22: 21 | B22: 000902121240 | D22: P | E22: 2000 | F22: RIZIA VERONICA BINTI ROJER | G22: KOTA MARUDU | H22: MATUNGGONG | I22: LAJONG | J22: KG TINUTUDAN | V22: 1
A23: 22 | B23: 001009121277 | D23: L | E23: 2000 | F23: DICKEY KONG HOI HIUNG | G23: KOTA MARUDU | H23: MATUNGGONG | I23: LAJONG | J23: KG TINUTUDAN | V23: 1
A24: 23 | B24: 001204121758 | D24: P | E24: 2000 | F24: CYNTHIA CHRISTINE HENRY | G24: KOTA MARUDU | H24: MATUNGGONG | I24: LAJONG | J24: KG TINUTUDAN | V24: 1
A25: 24 | B25: 010116120856 | D25: P | E25: 2001 | F25: AUDREY ALVERA BINTI ALFREED | G25: KOTA MARUDU | H25: MATUNGGONG | I25: LAJONG | J25: KG TINUTUDAN | V25: 1
A26: 25 | B26: 010125120436 | D26: P | E26: 2001 | F26: VANESSA LESLIE JEBIRING | G26: KOTA MARUDU | H26: MATUNGGONG | I26: LAJONG | J26: KG TINUTUDAN | V26: 1
A27: 26 | B27: 010601120016 | D27: P | E27: 2001 | F27: SHARIAH NOOR SHAZIAH BINTI SHAKIR | G27: KOTA MARUDU | H27: MATUNGGONG | I27: LAJONG | J27: KG TINUTUDAN | V27: 1
... A75: 76 | B75: 070814120524 | D75: P | E75: 2007 | F75: JACQUALYN JAIME JEBIRING | G75: KOTA MARUDU | H75: MATUNGGONG | I75: LAJONG | J75: KG TINUTUDAN | V75: 1
A76: 77 | B76: 550702125438 | C76: H0236500 | D76: P | E76: 1955 | F76: HELEN BINTI MAJURIP | G76: KOTA MARUDU | H76: MATUNGGONG | I76: LAJONG | J76: KG TINUTUDAN | V76: 1
A77: 78 | B77: 730527125681 | C77: H0865432 | D77: L | E77: 1973 | F77: LAUSSEN BIN ONGINDA | G77: KOTA MARUDU | H77: MATUNGGONG | I77: LAJONG | J77: KG TINUTUDAN | V77: 1
A78: 79 | B78: 760218125212 | C78: H6038656 | D78: P | E78: 1976 | F78: SORURUL BINTI RASID | G78: KOTA MARUDU | H78: MATUNGGONG | I78: LAJONG | J78: KG TINUTUDAN | V78: 1
A79: 80 | B79: 770804126014 | D79: P | E79: 1977 | F79: FELIN INOK | G79: KOTA MARUDU | H79: MATUNGGONG | I79: LAJONG | J79: KG TINUTUDAN | V79: 1
A80: 84 | B80: 790912126191 | D80: L | E80: 1979 | F80: BONY DIUN | G80: KOTA MARUDU | H80: MATUNGGONG | I80: LAJONG | J80: KG TINUTUDAN | V80: 1
A81: 87 | B81: 810101126265 | D81: L | E81: 1981 | F81: EDMOND BIN PALINU @ PAUL | G81: KOTA MARUDU | H81: MATUNGGONG | I81: LAJONG | J81: KG TINUTUDAN | V81: 1
A82: 89 | B82: 820315125558 | D82: P | E82: 1982 | F82: ANNIE BINTI INOL @ THOMAS | G82: KOTA MARUDU | H82: MATUNGGONG | I82: LAJONG | J82: KG TINUTUDAN | V82: 1
A83: 90 | B83: 821022126201 | D83: L | E83: 1982 | F83: DONNYWIN BIN MOLISUN | G83: KOTA MARUDU | H83: MATUNGGONG | I83: LAJONG | J83: KG TINUTUDAN | V83: 1
A84: 91 | B84: 821216125549 | D84: L | E84: 1982 | F84: JAMES BIN ONGINDA | G84: KOTA MARUDU | H84: MATUNGGONG | I84: LAJONG | J84: KG TINUTUDAN | V84: 1
A85: 92 | B85: 830917125634 | D85: P | E85: 1983 | F85: JOANNA AUDREY PALINU PAUL | G85: KOTA MARUDU | H85: MATUNGGONG | I85: LAJONG | J85: KG TINUTUDAN | V85: 1
A86: 93 | B86: 840508126205 | D86: L | E86: 1984 | F86: DJACKRIN BIN JAIKOP | G86: KOTA MARUDU | H86: MATUNGGONG | I86: LAJONG | J86: KG TINUTUDAN | V86: 1
A87: 94 | B87: 840614125900 | D87: P | E87: 1984 | F87: CALARIE BINTI DIUN | G87: KOTA MARUDU | H87: MATUNGGONG | I87: LAJONG | J87: KG TINUTUDAN | V87: 1
A88: 95 | B88: 850403125598 | D88: P | E88: 1985 | F88: MELLY K.V ROBERT LIM | G88: KOTA MARUDU | H88: MATUNGGONG | I88: LAJONG | J88: KG TINUTUDAN | V88: 1
A89: 96 | B89: 850416126098 | D89: P | E89: 1985 | F89: CHARLOTTE PAUL @ PALINU | G89: KOTA MARUDU | H89: MATUNGGONG | I89: LAJONG | J89: KG TINUTUDAN | V89: 1
A90: 97 | B90: 860725526035 | D90: L | E90: 1986 | F90: PANYAU ANAK UMOK | G90: KOTA MARUDU | H90: MATUNGGONG | I90: LAJONG | J90: KG TINUTUDAN | V90: 1
... A159: 172 | B159: 991230125432 | D159: P | E159: 1999 | F159: NURSYAZWANI BINTI ABD BAKIR | G159: KOTA MARUDU | H159: MATUNGGONG | I159: LAJONG | J159: KG TINUTUDAN | V159: 1
A160: 173 | B160: 551119125144 | C160: H0056909 | D160: P | E160: 1955 | F160: MONGUNTILIS BINTI MARADU | G160: KOTA MARUDU | H160: MATUNGGONG | I160: LAJONG | J160: KG TINUTUDAN | V160: 1
A161: 174 | B161: 561202125400 | C161: H0108392 | D161: P | E161: 1956 | F161: MAMIL BINTI MAJURIP | G161: KOTA MARUDU | H161: MATUNGGONG | I161: LAJONG | J161: KG TINUTUDAN | V161: 1
A162: 175 | B162: 590616125198 | C162: H0628308 | D162: P | E162: 1959 | F162: ALISAH BINTI MAJUNGGAL | G162: KOTA MARUDU | H162: MATUNGGONG | I162: LAJONG | J162: KG TINUTUDAN | V162: 1
A163: 176 | B163: 600605126239 | C163: H0603399 | D163: L | E163: 1960 | F163: SAMUIL BIN DIUN | G163: KOTA MARUDU | H163: MATUNGGONG | I163: LAJONG | J163: KG TINUTUDAN | V163: 1
A164: 177 | B164: 610310125203 | C164: H0427721 | D164: L | E164: 1961 | F164: JENIS BIN MAINTAK | G164: KOTA MARUDU | H164: MATUNGGONG | I164: LAJONG | J164: KG TINUTUDAN | V164: 1
A165: 178 | B165: 620729125172 | C165: H0634567 | D165: P | E165: 1962 | F165: NONCEYEN BINTI SUHOI @ NOSUHOI | G165: KOTA MARUDU | H165: MATUNGGONG | I165: LAJONG | J165: KG TINUTUDAN | V165: 1
A166: 179 | B166: 650525125610 | C166: H0706406 | D166: P | E166: 1965 | F166: NORLEY @ SINORAGING BINTI TOTONG | G166: KOTA MARUDU | H166: MATUNGGONG | I166: LAJONG | J166: KG TINUTUDAN | V166: 1
A167: 180 | B167: 651016125561 | C167: H0653632 | D167: L | E167: 1965 | F167: ATUNG BIN GINUNG | G167: KOTA MARUDU | H167: MATUNGGONG | I167: LAJONG | J167: KG TINUTUDAN | V167: 1
A168: 181 | B168: 660309125113 | C168: H0749935 | D168: L | E168: 1966 | F168: MOLUSI BIN MAINTANG | G168: KOTA MARUDU | H168: MATUNGGONG | I168: LAJONG | J168: KG TINUTUDAN | V168: 1
A169: 182 | B169: 670530125349 | C169: H0791367 | D169: L | E169: 1967 | F169: DELIS BONGUN @ DELIS BONGOL | G169: KOTA MARUDU | H169: MATUNGGONG | I169: LAJONG | J169: KG TINUTUDAN | V169: 1
A170: 183 | B170: 671202125037 | C170: H0718766 | D170: L | E170: 1967 | F170: JEMI BIN UMIN | G170: KOTA MARUDU | H170: MATUNGGONG | I170: LAJONG | J170: KG TINUTUDAN | V170: 1
A171: 184 | B171: 680105126489 | C171: H0699667 | D171: L | E171: 1968 | F171: WILLIE KONG YU THART | G171: KOTA MARUDU | H171: MATUNGGONG | I171: LAJONG | J171: KG TINUTUDAN | V171: 1
... A183: 196 | B183: 760408125619 | C183: H0920243 | D183: L | E183: 1976 | F183: FRANKY MARAUN | G183: KOTA MARUDU | H183: MATUNGGONG | I183: LAJONG | J183: KG TINUTUDAN | V183: 1
A184: 197 | B184: 761231125561 | D184: L | E184: 1976 | F184: BELARY BIN BINSUIL | G184: KOTA MARUDU | H184: MATUNGGONG | I184: LAJONG | J184: KG TINUTUDAN | V184: 1
A185: 198 | B185: 770804125177 | D185: L | E185: 1977 | F185: JASLEN BIN ASOI | G185: KOTA MARUDU | H185: MATUNGGONG | I185: LAJONG | J185: KG TINUTUDAN | V185: 1
A186: 199 | B186: 780213125588 | D186: P | E186: 1978 | F186: MOUNIE BINTI BINSUIL | G186: KOTA MARUDU | H186: MATUNGGONG | I186: LAJONG | J186: KG TINUTUDAN | V186: 1
A187: 200 | B187: 790415125040 | D187: P | E187: 1979 | F187: HABETH BINTI GATUN | G187: KOTA MARUDU | H187: MATUNGGONG | I187: LAJONG | J187: KG TINUTUDAN | V187: 1
A188: 201 | B188: 790826125280 | D188: P | E188: 1979 | F188: JOSEPHINE CHIA | G188: KOTA MARUDU | H188: MATUNGGONG | I188: LAJONG | J188: KG TINUTUDAN | V188: 1
A189: 202 | B189: 800106125318 | D189: P | E189: 1980 | F189: ROJANAH BINTI INGGANG | G189: KOTA MARUDU | H189: MATUNGGONG | I189: LAJONG | J189: KG TINUTUDAN | V189: 1
A190: 203 | B190: 800627125866 | D190: P | E190: 1980 | F190: JENIFAH BINTI OMBORUA | G190: KOTA MARUDU | H190: MATUNGGONG | I190: LAJONG | J190: KG TINUTUDAN | V190: 1
A191: 204 | B191: 800930126298 | D191: P | E191: 1980 | F191: ALICE SARUMPIT | G191: KOTA MARUDU | H191: MATUNGGONG | I191: LAJONG | J191: KG TINUTUDAN | V191: 1
A192: 205 | B192: 801021126121 | D192: L | E192: 1980 | F192: RECKYMON ULAI | G192: KOTA MARUDU | H192: MATUNGGONG | I192: LAJONG | J192: KG TINUTUDAN | V192: 1
A193: 206 | B193: 811208125961 | D193: L | E193: 1981 | F193: RICKY BIN MOJUPI | G193: KOTA MARUDU | H193: MATUNGGONG | I193: LAJONG | J193: KG TINUTUDAN | V193: 1
A194: 207 | B194: 820130125295 | D194: L | E194: 1982 | F194: ANDY ANGUBI @ SABLI | G194: KOTA MARUDU | H194: MATUNGGONG | I194: LAJONG | J194: KG TINUTUDAN | V194: 1
A195: 208 | B195: 820929125480 | D195: P | E195: 1982 | F195: NORIZAH RAHAYU BINTI ABDUL KADIR | G195: KOTA MARUDU | H195: MATUNGGONG | I195: LAJONG | J195: KG TINUTUDAN | V195: 1
... A204: 218 | B204: 910812125363 | D204: L | E204: 1991 | F204: RICKY BIN PAIN | G204: KOTA MARUDU | H204: MATUNGGONG | I204: LAJONG | J204: KG TINUTUDAN | V204: 1
A205: 219 | B205: 260514125013 | C205: H0580208 | D205: L | E205: 1926 | F205: MAMANSAI BIN TIMBANGAN | G205: KOTA MARUDU | H205: MATUNGGONG | I205: LAJONG | J205: KG LAJONG | V205: 1
A206: 220 | B206: 260623125055 | C206: H0213806 | D206: L | E206: 1926 | F206: JAMARAN BIN KONDIHOI | G206: KOTA MARUDU | H206: MATUNGGONG | I206: LAJONG | J206: KG LAJONG | V206: 1
A207: 221 | B207: 330208125040 | C207: H0097628 | D207: P | E207: 1933 | F207: MONGULINTONG BINTI MONGUJUL | G207: KOTA MARUDU | H207: MATUNGGONG | I207: LAJONG | J207: KG LAJONG | V207: 1
A208: 222 | B208: 331227125454 | C208: H0058408 | D208: P | E208: 1933 | F208: PONGUNDAI BINTI PAKIZIK | G208: KOTA MARUDU | H208: MATUNGGONG | I208: LAJONG | J208: KG LAJONG | V208: 1
A209: 223 | B209: 381222125282 | C209: H0144139 | D209: P | E209: 1938 | F209: ONTONG BINTI MAJUHI | G209: KOTA MARUDU | H209: MATUNGGONG | I209: LAJONG | J209: KG LAJONG | V209: 1
A210: 224 | B210: 390605125268 | C210: H0248606 | D210: P | E210: 1939 | F210: YUNGIJAH BINTI KADIM | G210: KOTA MARUDU | H210: MATUNGGONG | I210: LAJONG | J210: KG LAJONG | V210: 1
A211: 225 | B211: 400802125191 | C211: H0123609 | D211: L | E211: 1940 | F211: ANGATANG BIN KADIM | G211: KOTA MARUDU | H211: MATUNGGONG | I211: LAJONG | J211: KG LAJONG | V211: 1
A212: 226 | B212: 401108125217 | C212: H0162909 | D212: L | E212: 1940 | F212: OSINGKO @ PETER BIN TAGANAU | G212: KOTA MARUDU | H212: MATUNGGONG | I212: LAJONG | J212: KG LAJONG | V212: 1
A213: 227 | B213: 410706125027 | C213: H0186959 | D213: L | E213: 1941 | F213: MAMAGAS BIN GONDOLONG | G213: KOTA MARUDU | H213: MATUNGGONG | I213: LAJONG | J213: KG LAJONG | V213: 1
A214: 228 | B214: 420504125423 | C214: H0097617 | D214: L | E214: 1942 | F214: JENDAH BIN MANGANTAD | G214: KOTA MARUDU | H214: MATUNGGONG | I214: LAJONG | J214: KG LAJONG | V214: 1
A215: 229 | B215: 420519125071 | C215: H0173441 | D215: L | E215: 1942 | F215: MONGUNJIN BIN MANGAJIN | G215: KOTA MARUDU | H215: MATUNGGONG | I215: LAJONG | J215: KG LAJONG | V215: 1
A216: 230 | B216: 430205125166 | C216: H0123604 | D216: P | E216: 1943 | F216: OBONIA BINTI SANTI | G216: KOTA MARUDU | H216: MATUNGGONG | I216: LAJONG | J216: KG LAJONG | V216: 1
... A425: 439 | B425: 740328125813 | C425: H0897565 | D425: L | E425: 1974 | F425: COLLINS JOHN BIN MOLIUN | G425: KOTA MARUDU | H425: MATUNGGONG | I425: LAJONG | J425: KG LAJONG | V425: 1
A426: 440 | B426: 740524125095 | D426: L | E426: 1974 | F426: LEJON BIN MONGUNJIN | G426: KOTA MARUDU | H426: MATUNGGONG | I426: LAJONG | J426: KG LAJONG | V426: 1
A427: 441 | B427: 740617125326 | C427: H0865458 | D427: P | E427: 1974 | F427: NAILIEN BINTI PILO | G427: KOTA MARUDU | H427: MATUNGGONG | I427: LAJONG | J427: KG LAJONG | V427: 1
A428: 442 | B428: 740621125679 | C428: H0931289 | D428: L | E428: 1974 | F428: ROLAND BIN INGGANG | G428: KOTA MARUDU | H428: MATUNGGONG | I428: LAJONG | J428: KG LAJONG | V428: 1
A429: 443 | B429: 740710125769 | C429: H0865854 | D429: L | E429: 1974 | F429: ROGER BIN WANDAK | G429: KOTA MARUDU | H429: MATUNGGONG | I429: LAJONG | J429: KG LAJONG | V429: 1
A430: 444 | B430: 740805125315 | C430: H0898890 | D430: L | E430: 1974 | F430: CHILFF BIN OLUSIN | G430: KOTA MARUDU | H430: MATUNGGONG | I430: LAJONG | J430: KG LAJONG | V430: 1
A431: 445 | B431: 740805126027 | C431: H0867886 | D431: L | E431: 1974 | F431: LEVI BIN OPIRAL @ LEVI BIN OPIRAR | G431: KOTA MARUDU | H431: MATUNGGONG | I431: LAJONG | J431: KG LAJONG | V431: 1
A432: 446 | B432: 740905125590 | C432: H0889038 | D432: P | E432: 1974 | F432: LORENCE BINTI AWASANG | G432: KOTA MARUDU | H432: MATUNGGONG | I432: LAJONG | J432: KG LAJONG | V432: 1
A433: 447 | B433: 741026125628 | C433: H0892257 | D433: P | E433: 1974 | F433: AIREN @ AIRENAH BINTI MOJUNTING | G433: KOTA MARUDU | H433: MATUNGGONG | I433: LAJONG | J433: KG LAJONG | V433: 1
A434: 448 | B434: 741103125104 | D434: P | E434: 1974 | F434: RUJINI BINTI MAMANSAL | G434: KOTA MARUDU | H434: MATUNGGONG | I434: LAJONG | J434: KG LAJONG | V434: 1
A435: 449 | B435: 741221125113 | D435: L | E435: 1974 | F435: WELSON BIN MAGANSIM | G435: KOTA MARUDU | H435: MATUNGGONG | I435: LAJONG | J435: KG LAJONG | V435: 1
A436: 450 | B436: 741231125416 | C436: H0941974 | D436: P | E436: 1974 | F436: JUINI BINTI ULINSAI | G436: KOTA MARUDU | H436: MATUNGGONG | I436: LAJONG | J436: KG LAJONG | V436: 1
A437: 451 | B437: 750312125594 | D437: P | E437: 1975 | F437: MASANA BINTI MASANDANG | G437: KOTA MARUDU | H437: MATUNGGONG | I437: LAJONG | J437: KG LAJONG | V437: 1
A438: 452 | B438: 750804125734 | C438: H0899494 | D438: P | E438: 1975 | F438: BITTIS SULUMMAI | G438: KOTA MARUDU | H438: MATUNGGONG | I438: LAJONG | J438: KG LAJONG | V438: 1
A439: 453 | B439: 750921125688 | C439: H0923094 | D439: P | E439: 1975 | F439: DIANA PAILNU | G439: KOTA MARUDU | H439: MATUNGGONG | I439: LAJONG | J439: KG LAJONG | V439: 1
A440: 454 | B440: 751028125137 | C440: H0906582 | D440: L | E440: 1975 | F440: JEFERY BIN MADAUN | G440: KOTA MARUDU | H440: MATUNGGONG | I440: LAJONG | J440: KG LAJONG | V440: 1
A441: 455 | B441: 760316125582 | C441: H0960253 | D441: P | E441: 1976 | F441: HAILY MATIUS | G441: KOTA MARUDU | H441: MATUNGGONG | I441: LAJONG | J441: KG LAJONG | V441: 1
A442: 456 | B442: 760522125030 | D442: P | E442: 1976 | F442: JASIA BINTI TAUPANG | G442: KOTA MARUDU | H442: MATUNGGONG | I442: LAJONG | J442: KG LAJONG | V442: 1
A443: 457 | B443: 760620125114 | D443: P | E443: 1976 | F443: FELICIA BINTI ULAI | G443: KOTA MARUDU | H443: MATUNGGONG | I443: LAJONG | J443: KG LAJONG | V443: 1
...
