Workbook

Sheet DASHBOARD KIULU
A1: DASHBOARD DUN N15 KIULU
A3: DUN | B3: PDM | C3: BILANGAN PENGUNDI BERDAFTAR | D3: Anggaran Peratusan Turun Mengundi (75%) | E3: PILIHANRAYA LEPAS | H3: SASARAN UNDI | I3: SASARAN Sukarelawan | J3: JUMLAH Sukarelawan TERKINI | K3: PUTIH TERKINI | L3: Atas Pagar | M3: HITAM | N3: Tidak Di Kenali | O3: Meninggal Dunia | P3: Pengundi Luar DUN | Q3: PECAHAN PENGUNDI MENGIKUT UMUR
E4: PRU15 2022 | F4: PRN-16 2020 | G4: PRN 2025 | Q4: 18 - 30 | R4: 31 - 45 | S4: 46 - KEATAS
A5: N15 KIULU | B5: BONGOL | C5: =SUM('[1]PENGUNDI KIULU'!$S$2:$S$505) -> 504 | D5: =SUM(C5*75/100) -> 378 | E5: =113+101 -> 214 | F5: 105 | G5: 101 | H5: =SUM(D5*70/100) -> 264.6 | I5: =SUM(H5/13) -> 20.353846 | J5: =SUM('[1]PENGUNDI KIULU'!$J$2:$J$505) -> 0 | K5: =SUM('[1]PENGUNDI KIULU'!$K$2:$K$505) -> 1 | L5: =SUM('[1]PENGUNDI KIULU'!$L$2:$L$505) -> 0 | M5: =SUM('[1]PENGUNDI KIULU'!$M$2:$M$505) -> 0 | N5: =SUM('[1]PENGUNDI KIULU'!$N$2:$N$505) -> 0 | O5: =SUM('[1]PENGUNDI KIULU'!$O$2:$O$505) -> 0 | P5: =SUM('[1]PENGUNDI KIULU'!$P$2:$P$505) -> 0 | Q5: 126 | R5: 180 | S5: 183
B6: KELAWAT | C6: =SUM('[1]PENGUNDI KIULU'!$S$506:$S$1466) -> 961 | D6: =SUM(C6*75/100) -> 720.75 | E6: =172+165+63 -> 400 | F6: 169 | G6: 144 | H6: =SUM(D6*70/100) -> 504.525 | I6: =SUM(H6/13) -> 38.809615 | J6: =SUM('[1]PENGUNDI KIULU'!$J$506:$J$1466) -> 0 | K6: =SUM('[1]PENGUNDI KIULU'!$K$506:$K$1466) -> 19 | L6: =SUM('[1]PENGUNDI KIULU'!$L$506:$L$1466) -> 0 | M6: =SUM('[1]PENGUNDI KIULU'!$M$506:$M$1466) -> 0 | N6: =SUM('[1]PENGUNDI KIULU'!$N$506:$N$1466) -> 0 | O6: =SUM('[1]PENGUNDI KIULU'!$O$506:$O$1466) -> 0 | P6: =SUM('[1]PENGUNDI KIULU'!$P$506:$P$1466) -> 5 | Q6: 0 | R6: 238 | S6: 326
B7: KIULU | C7: =SUM('[1]PENGUNDI KIULU'!$S$1467:$S$5594) -> 4128 | D7: =SUM(C7*75/100) -> 3096 | E7: =159+197+229+233+192+199+262+225 -> 1696 | F7: =58+111+128+122+120+99 -> 638 | G7: 585 | H7: =SUM(D7*70/100) -> 2167.2 | I7: =SUM(H7/13) -> 166.70769 | J7: =SUM('[1]PENGUNDI KIULU'!$J$1467:$J$5594) -> 1 | K7: =SUM('[1]PENGUNDI KIULU'!$K$1467:$K$5594) -> 26 | L7: =SUM('[1]PENGUNDI KIULU'!$L$1467:$L$5594) -> 0 | M7: =SUM('[1]PENGUNDI KIULU'!$M$1467:$M$5594) -> 0 | N7: =SUM('[1]PENGUNDI KIULU'!$N$1467:$N$5594) -> 0 | O7: =SUM('[1]PENGUNDI KIULU'!$O$1467:$O$5594) -> 0 | P7: =SUM('[1]PENGUNDI KIULU'!$P$1467:$P$5594) -> 0
B8: MALANGANG | C8: =SUM('[1]PENGUNDI KIULU'!$S$5595:$S$6844) -> 1250 | D8: =SUM(C8*75/100) -> 937.5 | E8: =123+159+152 -> 434 | F8: =78+115 -> 193 | G8: 127 | H8: =SUM(D8*70/100) -> 656.25 | I8: =SUM(H8/13) -> 50.480769 | J8: =SUM('[1]PENGUNDI KIULU'!$J$5595:$J$6844) -> 0 | K8: =SUM('[1]PENGUNDI KIULU'!$K$5595:$K$6844) -> 1 | L8: =SUM('[1]PENGUNDI KIULU'!$L$5595:$L$6844) -> 0 | M8: =SUM('[1]PENGUNDI KIULU'!$M$5595:$M$6844) -> 0 | N8: =SUM('[1]PENGUNDI KIULU'!$N$5595:$N$6844) -> 0 | O8: =SUM('[1]PENGUNDI KIULU'!$O$5595:$O$6844) -> 0 | P8: =SUM('[1]PENGUNDI KIULU'!$P$5595:$P$6844) -> 0
B9: MANTOB | C9: =SUM('[1]PENGUNDI KIULU'!$S$6845:$S$7819) -> 975 | D9: =SUM(C9*75/100) -> 731.25 | E9: =123+135+119 -> 377 | F9: =97+97 -> 194 | G9: 109 | H9: =SUM(D9*70/100) -> 511.875 | I9: =SUM(H9/13) -> 39.375 | J9: =SUM('[1]PENGUNDI KIULU'!$J$6845:$J$7819) -> 0 | K9: =SUM('[1]PENGUNDI KIULU'!$K$6845:$K$7819) -> 0 | L9: =SUM('[1]PENGUNDI KIULU'!$L$6845:$L$7819) -> 0 | M9: =SUM('[1]PENGUNDI KIULU'!$M$6845:$M$7819) -> 0 | N9: =SUM('[1]PENGUNDI KIULU'!$N$6845:$N$7819) -> 0 | O9: =SUM('[1]PENGUNDI KIULU'!$O$6845:$O$7819) -> 0 | P9: =SUM('[1]PENGUNDI KIULU'!$P$6845:$P$7819) -> 0
B10: PAHU | C10: =SUM('[1]PENGUNDI KIULU'!$S$7820:$S$8988) -> 1169 | D10: =SUM(C10*75/100) -> 876.75 | E10: =163+190+178 -> 531 | F10: =88+95 -> 183 | G10: 197 | H10: =SUM(D10*70/100) -> 613.725 | I10: =SUM(H10/13) -> 47.209615 | J10: =SUM('[1]PENGUNDI KIULU'!$J$7820:$J$8988) -> 0 | K10: =SUM('[1]PENGUNDI KIULU'!$K$7820:$K$8988) -> 0 | L10: =SUM('[1]PENGUNDI KIULU'!$L$7820:$L$8988) -> 0 | M10: =SUM('[1]PENGUNDI KIULU'!$M$7820:$M$8988) -> 0 | N10: =SUM('[1]PENGUNDI KIULU'!$N$7820:$N$8988) -> 0 | O10: =SUM('[1]PENGUNDI KIULU'!$O$7820:$O$8988) -> 0 | P10: =SUM('[1]PENGUNDI KIULU'!$P$7820:$P$8988) -> 0
B11: PORING | C11: =SUM('[1]PENGUNDI KIULU'!$S$8989:$S$9351) -> 363 | D11: =SUM(C11*75/100) -> 272.25 | E11: =89 -> 89 | F11: =37 -> 37 | G11: 50 | H11: =SUM(D11*70/100) -> 190.575 | I11: =SUM(H11/13) -> 14.659615 | J11: =SUM('[1]PENGUNDI KIULU'!$J$8989:$J$9351) -> 0 | K11: =SUM('[1]PENGUNDI KIULU'!$K$8989:$K$9351) -> 0 | L11: =SUM('[1]PENGUNDI KIULU'!$L$8989:$L$9351) -> 0 | M11: =SUM('[1]PENGUNDI KIULU'!$M$8989:$M$9351) -> 0 | N11: =SUM('[1]PENGUNDI KIULU'!$N$8989:$N$9351) -> 0 | O11: =SUM('[1]PENGUNDI KIULU'!$O$8989:$O$9351) -> 0 | P11: =SUM('[1]PENGUNDI KIULU'!$P$8989:$P$9351) -> 0
B12: PUKAK | C12: =SUM('[1]PENGUNDI KIULU'!$S$9352:$S$10747) -> 1396 | D12: =SUM(C12*75/100) -> 1047 | E12: =215+224+195 -> 634 | F12: =117+177 -> 294 | G12: 298 | H12: =SUM(D12*70/100) -> 732.9 | I12: =SUM(H12/13) -> 56.376923 | J12: =SUM('[1]PENGUNDI KIULU'!$J$9352:$J$10747) -> 0 | K12: =SUM('[1]PENGUNDI KIULU'!$K$9352:$K$10747) -> 8 | L12: =SUM('[1]PENGUNDI KIULU'!$L$9352:$L$10747) -> 0 | M12: =SUM('[1]PENGUNDI KIULU'!$M$9352:$M$10747) -> 0 | N12: =SUM('[1]PENGUNDI KIULU'!$N$9352:$N$10747) -> 0 | O12: =SUM('[1]PENGUNDI KIULU'!$O$9352:$O$10747) -> 0 | P12: =SUM('[1]PENGUNDI KIULU'!$P$9352:$P$10747) -> 0
B13: RANGALAU | C13: =SUM('[1]PENGUNDI KIULU'!$S$10748:$S$12131) -> 1384 | D13: =SUM(C13*75/100) -> 1038 | E13: =165+175+150 -> 490 | F13: =66+100 -> 166 | G13: 222 | H13: =SUM(D13*70/100) -> 726.6 | I13: =SUM(H13/13) -> 55.892308 | J13: =SUM('[1]PENGUNDI KIULU'!$J$10748:$J$12131) -> 1 | K13: =SUM('[1]PENGUNDI KIULU'!$K$10748:$K$12131) -> 6 | L13: =SUM('[1]PENGUNDI KIULU'!$L$10748:$L$12131) -> 0 | M13: =SUM('[1]PENGUNDI KIULU'!$M$10748:$M$12131) -> 0 | N13: =SUM('[1]PENGUNDI KIULU'!$N$10748:$N$12131) -> 0 | O13: =SUM('[1]PENGUNDI KIULU'!$O$10748:$O$12131) -> 0 | P13: =SUM('[1]PENGUNDI KIULU'!$P$10748:$P$12131) -> 0
B14: SIMPANGAN | C14: =SUM('[1]PENGUNDI KIULU'!$S$12132:$S$13226) -> 1095 | D14: =SUM(C14*75/100) -> 821.25 | E14: =141+138+104 -> 383 | F14: =85+66 -> 151 | G14: 238 | H14: =SUM(D14*70/100) -> 574.875 | I14: =SUM(H14/13) -> 44.221154 | J14: =SUM('[1]PENGUNDI KIULU'!$J$12132:$J$13226) -> 0 | K14: =SUM('[1]PENGUNDI KIULU'!$K$12132:$K$13226) -> 0 | L14: =SUM('[1]PENGUNDI KIULU'!$L$12132:$L$13226) -> 0 | M14: =SUM('[1]PENGUNDI KIULU'!$M$12132:$M$13226) -> 0 | N14: =SUM('[1]PENGUNDI KIULU'!$N$12132:$N$13226) -> 0 | O14: =SUM('[1]PENGUNDI KIULU'!$O$12132:$O$13226) -> 0 | P14: =SUM('[1]PENGUNDI KIULU'!$P$12132:$P$13226) -> 0
B15: TAGINAMBUR | C15: =SUM('[1]PENGUNDI KIULU'!$S$13227:$S$13722) -> 496 | D15: =SUM(C15*75/100) -> 372 | E15: =62+66 -> 128 | F15: =43 -> 43 | G15: 36 | H15: =SUM(D15*70/100) -> 260.4 | I15: =SUM(H15/13) -> 20.030769 | J15: =SUM('[1]PENGUNDI KIULU'!$J$13227:$J$13722) -> 0 | K15: =SUM('[1]PENGUNDI KIULU'!$K$13227:$K$13722) -> 0 | L15: =SUM('[1]PENGUNDI KIULU'!$L$13227:$L$13722) -> 0 | M15: =SUM('[1]PENGUNDI KIULU'!$M$13227:$M$13722) -> 0 | N15: =SUM('[1]PENGUNDI KIULU'!$N$13227:$N$13722) -> 0 | O15: =SUM('[1]PENGUNDI KIULU'!$O$13227:$O$13722) -> 0 | P15: =SUM('[1]PENGUNDI KIULU'!$P$13227:$P$13722) -> 0
B16: TIONG SIMPODON | C16: =SUM('[1]PENGUNDI KIULU'!$S$13723:$S$14917) -> 1195 | D16: =SUM(C16*75/100) -> 896.25 | E16: =174+240+217 -> 631 | F16: =128+145 -> 273 | G16: 253 | H16: =SUM(D16*70/100) -> 627.375 | I16: =SUM(H16/13) -> 48.259615 | J16: =SUM('[1]PENGUNDI KIULU'!$J$13723:$J$14917) -> 13 | K16: =SUM('[1]PENGUNDI KIULU'!$K$13723:$K$14917) -> 27 | L16: =SUM('[1]PENGUNDI KIULU'!$L$13723:$L$14917) -> 0 | M16: =SUM('[1]PENGUNDI KIULU'!$M$13723:$M$14917) -> 0 | N16: =SUM('[1]PENGUNDI KIULU'!$N$13723:$N$14917) -> 0 | O16: =SUM('[1]PENGUNDI KIULU'!$O$13723:$O$14917) -> 0 | P16: =SUM('[1]PENGUNDI KIULU'!$P$13723:$P$14917) -> 0
B17: TOGOP | C17: =SUM('[1]PENGUNDI KIULU'!$S$14918:$S$16031) -> 1114 | D17: =SUM(C17*75/100) -> 835.5 | E17: =211+256 -> 467 | F17: =82+77 -> 159 | G17: 166 | H17: =SUM(D17*70/100) -> 584.85 | I17: =SUM(H17/13) -> 44.988462 | J17: =SUM('[1]PENGUNDI KIULU'!$J$14918:$J$16031) -> 0 | K17: =SUM('[1]PENGUNDI KIULU'!$K$14918:$K$16031) -> 10 | L17: =SUM('[1]PENGUNDI KIULU'!$L$14918:$L$16031) -> 0 | M17: =SUM('[1]PENGUNDI KIULU'!$M$14918:$M$16031) -> 0 | N17: =SUM('[1]PENGUNDI KIULU'!$N$14918:$N$16031) -> 0 | O17: =SUM('[1]PENGUNDI KIULU'!$O$14918:$O$16031) -> 0 | P17: =SUM('[1]PENGUNDI KIULU'!$P$14918:$P$16031) -> 0
B18: TOMIS | C18: =SUM('[1]PENGUNDI KIULU'!$S$16032:$S$16915) -> 884 | D18: =SUM(C18*75/100) -> 663 | E18: =182+180 -> 362 | F18: =88 -> 88 | G18: 92 | H18: =SUM(D18*70/100) -> 464.1 | I18: =SUM(H18/13) -> 35.7 | J18: =SUM('[1]PENGUNDI KIULU'!$J$16032:$J$16915) -> 0 | K18: =SUM('[1]PENGUNDI KIULU'!$K$16032:$K$16915) -> 2 | L18: =SUM('[1]PENGUNDI KIULU'!$L$16032:$L$16915) -> 0 | M18: =SUM('[1]PENGUNDI KIULU'!$M$16032:$M$16915) -> 0 | N18: =SUM('[1]PENGUNDI KIULU'!$N$16032:$N$16915) -> 0 | O18: =SUM('[1]PENGUNDI KIULU'!$O$16032:$O$16915) -> 0 | P18: =SUM('[1]PENGUNDI KIULU'!$P$16032:$P$16915) -> 0 | Q18: 6873 | R18: 8784 | S18: 10646
B19: TUDAN | C19: =SUM('[1]PENGUNDI KIULU'!$S$16916:$S$17167) -> 252 | D19: =SUM(C19*75/100) -> 189 | E19: 63 | F19: 37 | G19: 55 | H19: =SUM(D19*70/100) -> 132.3 | I19: =SUM(H19/13) -> 10.176923 | J19: =SUM('[1]PENGUNDI KIULU'!$J$16916:$J$17167) -> 0 | K19: =SUM('[1]PENGUNDI KIULU'!$K$16916:$K$17167) -> 0 | L19: =SUM('[1]PENGUNDI KIULU'!$L$16916:$L$17167) -> 0 | M19: =SUM('[1]PENGUNDI KIULU'!$M$16916:$M$17167) -> 0 | N19: =SUM('[1]PENGUNDI KIULU'!$N$16916:$N$17167) -> 0 | O19: =SUM('[1]PENGUNDI KIULU'!$O$16916:$O$17167) -> 0 | P19: =SUM('[1]PENGUNDI KIULU'!$P$16916:$P$17167) -> 0 | Q19: 117 | R19: 4209 | S19: 5482
F20: 56 | G20: 63
A21: JUMLAH | C21: =SUM(C5:C19) -> 17166 | D21: =SUM(D5:D19) -> 12874.5 | E21: =SUM(E5:E19) -> 6899 | F21: =SUM(F5:F20) -> 2786 | G21: =SUM(G5:G20) -> 2736 | H21: =SUM(H5:H19) -> 9012.15 | I21: =SUM(I5:I19) -> 693.24231 | J21: =SUM(J5:J19) -> 15 | K21: =SUM(K5:K19) -> 100 | L21: =SUM(L5:L19) -> 0 | M21: =SUM(M5:M19) -> 0 | N21: =SUM(N5:N19) -> 0 | O21: =SUM(O5:O19) -> 0 | ... S21: =SUM(S5:S19) -> 16637

Sheet PRN
B2: PRU 2022 | H2: PRU-15 (2022) | I2: PRN-16 (2020) | J2: PRN-17 (2025)
B4: Bongol | C4: =113+101 -> 214 | G4: Bongol | H4: =113+101 -> 214 | I4: 105 | J4: 101
B5: Kelawat | C5: =172+165+63 -> 400 | G5: Kelawat | H5: =172+165+63 -> 400 | I5: 169 | J5: 144
B6: Kiulu | C6: =159+197+229+233+192+199+262+225 -> 1696 | G6: Kiulu | H6: =159+197+229+233+192+199+262+225 -> 1696 | I6: =58+111+128+122+120+99 -> 638 | J6: 585
B7: Malangang | C7: =123+159+152 -> 434 | G7: Malangang | H7: =123+159+152 -> 434 | I7: =78+115 -> 193 | J7: 127
B8: Mantob | C8: =123+135+119 -> 377 | G8: Mantob | H8: =123+135+119 -> 377 | I8: =97+97 -> 194 | J8: 109
B9: Pahu | C9: =163+190+178 -> 531 | G9: Pahu | H9: =163+190+178 -> 531 | I9: =88+95 -> 183 | J9: 197
B10: Poring | C10: =89 -> 89 | G10: Poring | H10: =89 -> 89 | I10: =37 -> 37 | J10: 50
B11: Pukak | C11: =215+224+195 -> 634 | G11: Pukak | H11: =215+224+195 -> 634 | I11: =117+177 -> 294 | J11: 298
B12: Rangalau | C12: =165+175+150 -> 490 | G12: Rangalau | H12: =165+175+150 -> 490 | I12: =66+100 -> 166 | J12: 222
B13: Simpangan | C13: =141+138+104 -> 383 | G13: Simpangan | H13: =141+138+104 -> 383 | I13: =85+66 -> 151 | J13: 238
B14: Taginambur | C14: =62+66 -> 128 | G14: Taginambur | H14: =62+66 -> 128 | I14: =43 -> 43 | J14: 36
B15: Tiong Simpodon | C15: =174+240+217 -> 631 | G15: Tiong Simpodon | H15: =174+240+217 -> 631 | I15: =128+145 -> 273 | J15: 253
B16: Togop | C16: =211+256 -> 467 | G16: Togop | H16: =211+256 -> 467 | I16: =82+77 -> 159 | J16: 166
B17: Tomis | C17: =182+180 -> 362 | G17: Tomis | H17: =182+180 -> 362 | I17: =88 -> 88 | J17: 92
B18: Tudan | C18: 63 | G18: Tudan | H18: 63 | I18: 37 | J18: 55
C19: =SUM(C4:C18) -> 6899 | I19: 56 | J19: 63
H20: =SUM(H4:H19) -> 6899 | I20: =SUM(I4:I19) -> 2786 | J20: =SUM(J4:J19) -> 2736

Sheet KPI JINIK
A1: CLC KIULU
A3: NAMA PEGAWAI : | C3: JINIK BOLIKING
A5: NAMA PEGAWAI | B5: PDM | C5: KETUA PDM | D5: BILANGAN PENGUNDI BERDAFTAR | E5: Anggaran Peratusan Turun Mengundi (75%) | F5: SASARAN UNDI | G5: SASARAN Sukarelawan | H5: JUMLAH Sukarelawan TERKINI | I5: PUTIH TERKINI | J5: PERATUSAN PENCAPAIAN
A7: JINIK BOLIKING | B7: TAGINAMBUR | C7: ASRAF ABDULLAH | D7: =SUM('DASHBOARD KIULU'!C15) -> 496 | E7: =SUM(D7*75/100) -> 372 | F7: =SUM('DASHBOARD KIULU'!H15) -> 260.4 | G7: =SUM('DASHBOARD KIULU'!I15) -> 20.030769 | H7: =SUM('DASHBOARD KIULU'!J15) -> 0 | I7: =SUM('DASHBOARD KIULU'!K15) -> 0 | J7: =SUM(I7/F7*100) -> 0
B9: T. SIMPODON | C9: JINIK BOLIKING | D9: =SUM('DASHBOARD KIULU'!C16) -> 1195 | E9: =SUM(D9*75/100) -> 896.25 | F9: =SUM('DASHBOARD KIULU'!H16) -> 627.375 | G9: =SUM('DASHBOARD KIULU'!I16) -> 48.259615 | H9: =SUM('DASHBOARD KIULU'!J16) -> 13 | I9: =SUM('DASHBOARD KIULU'!K16) -> 27 | J9: =SUM(I9/F9*100) -> 4.3036461
B10: TOMIS | C10: NIKSON DAUNI | D10: =SUM('DASHBOARD KIULU'!C18) -> 884 | E10: =SUM(D10*75/100) -> 663 | F10: =SUM('DASHBOARD KIULU'!H18) -> 464.1 | G10: =SUM('DASHBOARD KIULU'!I18) -> 35.7 | H10: =SUM('DASHBOARD KIULU'!J18) -> 0 | I10: =SUM('DASHBOARD KIULU'!K18) -> 2 | J10: =SUM(I10/F10*100) -> 0.43094161
A12: JUMLAH | D12: =SUM(D7:D10) -> 2575 | E12: =SUM(E7:E10) -> 1931.25 | F12: =SUM(F7:F10) -> 1351.875 | G12: =SUM(G7:G10) -> 103.99038 | H12: =SUM(H7:H11) -> 13 | I12: =SUM(I7:I10) -> 29

Sheet JAINYSIUS
A1: CLC KIULU
A3: NAMA PEGAWAI : | C3: JAINYSIUS SIPAN
A5: NAMA PEGAWAI | B5: PDM | C5: KETUA PDM | D5: BILANGAN PENGUNDI BERDAFTAR | E5: Anggaran Peratusan Turun Mengundi (75%) | F5: SASARAN UNDI | G5: SASARAN Sukarelawan | H5: JUMLAH Sukarelawan TERKINI | I5: PUTIH TERKINI | J5: PERATUSAN PENCAPAIAN
A7: JAINYSIUS | B7: MANTOB | C7: KIUN LIMBAT JIMIN TIBIN | D7: =SUM('DASHBOARD KIULU'!C9) -> 975 | E7: =SUM(D7*75/100) -> 731.25 | F7: =SUM('DASHBOARD KIULU'!H9) -> 511.875 | G7: =SUM('DASHBOARD KIULU'!I15) -> 20.030769 | H7: =SUM('DASHBOARD KIULU'!J15) -> 0 | I7: =SUM('DASHBOARD KIULU'!K15) -> 0 | J7: =SUM(I7/F7*100) -> 0
B9: PORING | C9: ROBERT GUBAT | D9: =SUM('DASHBOARD KIULU'!C11) -> 363 | E9: =SUM(D9*75/100) -> 272.25 | F9: =SUM('DASHBOARD KIULU'!H11) -> 190.575 | G9: =SUM('DASHBOARD KIULU'!I16) -> 48.259615 | H9: =SUM('DASHBOARD KIULU'!J16) -> 13 | I9: =SUM('DASHBOARD KIULU'!K16) -> 27 | J9: =SUM(I9/F9*100) -> 14.167651
B10: TUDAN | C10: ALEXSIUS SIPAN | D10: =SUM('DASHBOARD KIULU'!C19) -> 252 | E10: =SUM(D10*75/100) -> 189 | F10: =SUM('DASHBOARD KIULU'!H19) -> 132.3 | G10: =SUM('DASHBOARD KIULU'!I18) -> 35.7 | H10: =SUM('DASHBOARD KIULU'!J18) -> 0 | I10: =SUM('DASHBOARD KIULU'!K18) -> 2 | J10: =SUM(I10/F10*100) -> 1.5117158
A12: JUMLAH | D12: =SUM(D7:D10) -> 1590 | E12: =SUM(E7:E10) -> 1192.5 | F12: =SUM(F7:F10) -> 834.75 | G12: =SUM(G7:G10) -> 103.99038 | H12: =SUM(H7:H11) -> 13 | I12: =SUM(I7:I10) -> 29

Sheet RAYNER 
A1: CLC KIULU
A3: NAMA PEGAWAI : | C3: RAYNER EBI
A5: NAMA PEGAWAI | B5: PDM | C5: KETUA PDM | D5: BILANGAN PENGUNDI BERDAFTAR | E5: Anggaran Peratusan Turun Mengundi (75%) | F5: SASARAN UNDI | G5: SASARAN Sukarelawan | H5: JUMLAH Sukarelawan TERKINI | I5: PUTIH TERKINI | J5: PERATUSAN PENCAPAIAN
A7: RAYNER | B7: KIULU | C7: DENNIS KIMIN JANIUS IKAT | D7: =SUM('DASHBOARD KIULU'!C7) -> 4128 | E7: =SUM(D7*75/100) -> 3096 | F7: =SUM('DASHBOARD KIULU'!H7) -> 2167.2 | G7: =SUM(F7/13) -> 166.70769 | H7: =SUM('DASHBOARD KIULU'!J15) -> 0 | I7: =SUM('DASHBOARD KIULU'!K15) -> 0 | J7: =SUM(I7/F7*100) -> 0
B9: KELAWAT | C9: ROBERT ASSAN GUNTING | D9: =SUM('DASHBOARD KIULU'!C6) -> 961 | E9: =SUM(D9*75/100) -> 720.75 | F9: =SUM('DASHBOARD KIULU'!H6) -> 504.525 | G9: =SUM(F9/13) -> 38.809615 | H9: =SUM('DASHBOARD KIULU'!J16) -> 13 | I9: =SUM('DASHBOARD KIULU'!K16) -> 27 | J9: =SUM(I9/F9*100) -> 5.3515683
B10: MALANGANG | C10: EDWIN GODUNGKI | D10: =SUM('DASHBOARD KIULU'!C8) -> 1250 | E10: =SUM(D10*75/100) -> 937.5 | F10: =SUM('DASHBOARD KIULU'!H8) -> 656.25 | G10: =SUM(F10/13) -> 50.480769 | H10: =SUM('DASHBOARD KIULU'!J18) -> 0 | I10: =SUM('DASHBOARD KIULU'!K18) -> 2 | J10: =SUM(I10/F10*100) -> 0.3047619
A12: JUMLAH | D12: =SUM(D7:D10) -> 6339 | E12: =SUM(E7:E10) -> 4754.25 | F12: =SUM(F7:F10) -> 3327.975 | G12: =SUM(G7:G10) -> 255.99808 | H12: =SUM(H7:H11) -> 13 | I12: =SUM(I7:I10) -> 29

Sheet AMANDUS
A1: CLC KIULU
A3: NAMA PEGAWAI : | C3: RAYNER EBI
A5: NAMA PEGAWAI | B5: PDM | C5: KETUA PDM | D5: BILANGAN PENGUNDI BERDAFTAR | E5: Anggaran Peratusan Turun Mengundi (75%) | F5: SASARAN UNDI | G5: SASARAN Sukarelawan | H5: JUMLAH Sukarelawan TERKINI | I5: PUTIH TERKINI | J5: PERATUSAN PENCAPAIAN
A7: RAYNER | B7: KIULU | C7: DENNIS KIMIN JANIUS IKAT | D7: =SUM('DASHBOARD KIULU'!C7) -> 4128 | E7: =SUM(D7*75/100) -> 3096 | F7: =SUM('DASHBOARD KIULU'!H7) -> 2167.2 | G7: =SUM(F7/13) -> 166.70769 | H7: =SUM('DASHBOARD KIULU'!J15) -> 0 | I7: =SUM('DASHBOARD KIULU'!K15) -> 0 | J7: =SUM(I7/F7*100) -> 0
B9: KELAWAT | C9: ROBERT ASSAN GUNTING | D9: =SUM('DASHBOARD KIULU'!C6) -> 961 | E9: =SUM(D9*75/100) -> 720.75 | F9: =SUM('DASHBOARD KIULU'!H6) -> 504.525 | G9: =SUM(F9/13) -> 38.809615 | H9: =SUM('DASHBOARD KIULU'!J16) -> 13 | I9: =SUM('DASHBOARD KIULU'!K16) -> 27 | J9: =SUM(I9/F9*100) -> 5.3515683
B10: MALANGANG | C10: EDWIN GODUNGKI | D10: =SUM('DASHBOARD KIULU'!C8) -> 1250 | E10: =SUM(D10*75/100) -> 937.5 | F10: =SUM('DASHBOARD KIULU'!H8) -> 656.25 | G10: =SUM(F10/13) -> 50.480769 | H10: =SUM('DASHBOARD KIULU'!J18) -> 0 | I10: =SUM('DASHBOARD KIULU'!K18) -> 2 | J10: =SUM(I10/F10*100) -> 0.3047619
A12: JUMLAH | D12: =SUM(D7:D10) -> 6339 | E12: =SUM(E7:E10) -> 4754.25 | F12: =SUM(F7:F10) -> 3327.975 | G12: =SUM(G7:G10) -> 255.99808 | H12: =SUM(H7:H11) -> 13 | I12: =SUM(I7:I10) -> 29
