Workbook

Sheet Dashboard
A1: DASHBOARD PDM INDARASON
A3: DM | B3: LOKALITI | C3: BILANGAN PENGUNDI BERDAFTAR | D3: Anggaran Peratusan Turun Mengundi (75%) | E3: Sasaran UNDI 60% | F3: SASARAN KETUA KELUARGA (K10) | G3: JUMLAH K10 TERKINI | H3: PUTIH TERKINI | I3: Atas Pagar | J3: HITAM | K3: TIDAK KENAL | L3: Meninggal Dunia | M3: Pengundi Luar PARLIMEN | N3: Pengundi Luar SABAH | O3: PECAHAN PENGUNDI MENGIKUT UMUR
O4: 18 - 30 | P4: 31 - 45 | Q4: 46 - KEATAS
A5: INDARASON | B5: KG INDARASON | C5: =SUM('PDM INDARASON'!V2:V630) -> 629 | D5: =C5*75/100 -> 471.75 | E5: =SUM(D5*55/100) -> 259.4625 | F5: =SUM(E5/10) -> 25.94625 | G5: =SUM('PDM INDARASON'!L2:L630) -> 0 | H5: =SUM('PDM INDARASON'!M2:M630) -> 0 | I5: =SUM('PDM INDARASON'!N2:N630) -> 0 | J5: =SUM('PDM INDARASON'!O2:O630) -> 0 | K5: =SUM('PDM INDARASON'!P2:P630) -> 0 | L5: =SUM('PDM INDARASON'!Q2:Q630) -> 0 | M5: =SUM('PDM INDARASON'!R2:R630) -> 0 | N5: =SUM('PDM INDARASON'!S2:S630) -> 0
B6: KG INDARASON DARAT | C6: =SUM('PDM INDARASON'!V631:V827) -> 197 | D6: =C6*75/100 -> 147.75 | E6: =SUM(D6*55/100) -> 81.2625 | F6: =SUM(E6/10) -> 8.12625 | G6: =SUM('PDM INDARASON'!L631:L827) -> 0 | H6: =SUM('PDM INDARASON'!M631:M827) -> 0 | I6: =SUM('PDM INDARASON'!N631:N827) -> 0 | J6: =SUM('PDM INDARASON'!O631:O827) -> 0 | K6: =SUM('PDM INDARASON'!P631:P827) -> 0 | L6: =SUM('PDM INDARASON'!Q631:Q827) -> 0 | M6: =SUM('PDM INDARASON'!R631:R827) -> 0 | N6: =SUM('PDM INDARASON'!S631:S827) -> 0
B7: KG INDARASON LAUT | C7: =SUM('PDM INDARASON'!V828:V1245) -> 418 | D7: =C7*75/100 -> 313.5 | E7: =SUM(D7*55/100) -> 172.425 | F7: =SUM(E7/10) -> 17.2425 | G7: =SUM('PDM INDARASON'!L828:L1245) -> 0 | H7: =SUM('PDM INDARASON'!M828:M1245) -> 0 | I7: =SUM('PDM INDARASON'!N828:N1245) -> 0 | J7: =SUM('PDM INDARASON'!O828:O1245) -> 0 | K7: =SUM('PDM INDARASON'!P828:P1245) -> 0 | L7: =SUM('PDM INDARASON'!Q828:Q1245) -> 0 | M7: =SUM('PDM INDARASON'!R828:R1245) -> 0 | N7: =SUM('PDM INDARASON'!S828:S1245) -> 0
A8: JUMLAH | C8: =SUM(C5:C7) -> 1244 | D8: =SUM(D5:D7) -> 933 | E8: =SUM(E5:E7) -> 513.15 | F8: =SUM(F5:F7) -> 51.315 | G8: =SUM(G5:G7) -> 0 | H8: =SUM(H5:H7) -> 0 | I8: =SUM(I5:I7) -> 0 | J8: =SUM(J5:J7) -> 0 | ... Q8: =SUM(Q5:Q7) -> 0

Sheet PDM INDARASON
A1: NO | B1: NO KP | C1: IC LAMA | D1: S | E1: LAHIR | F1: NAMA PENUH | G1: PARLIMEN | H1: DUN | I1: DM | J1: LOKALITI | K1: NO TELEFON | L1: K10 | M1: P | N1: AP | O1: H | P1: TAK KENAL | Q1: X DUNIA | R1: SABAH LABUAN | S1: LUAR SABAH | T1: Perincian | U1: TAGING | V1: D | W1: TAMBANG | X1: SEWA KERETA | Y1: Delivered
A2: 1 | B2: 251219125294 | C2: H0138680 | D2: P | E2: 1925 | F2: UMBAWAK BINTI RAMBAYAU | G2: KOTA MARUDU | H2: MATUNGGONG | I2: INDARASON | J2: KG INDARASON | V2: 1
A3: 2 | B3: 270607125062 | C3: H0152773 | D3: P | E3: 1927 | F3: SAWANIL BINTI MANGNIJER | G3: KOTA MARUDU | H3: MATUNGGONG | I3: INDARASON | J3: KG INDARASON | V3: 1
A4: 3 | B4: 280906125088 | C4: H0060243 | D4: P | E4: 1928 | F4: MONGULIHAT BINTI MATAMIT | G4: KOTA MARUDU | H4: MATUNGGONG | I4: INDARASON | J4: KG INDARASON | V4: 1
A5: 4 | B5: 310626125088 | C5: H0163804 | D5: P | E5: 1931 | F5: BAHAYAN @ SURAYA BINTI BANSAL | G5: KOTA MARUDU | H5: MATUNGGONG | I5: INDARASON | J5: KG INDARASON | V5: 1
A6: 5 | B6: 310822125018 | C6: H0166339 | D6: P | E6: 1931 | F6: DIHURI BINTI BADYLAN | G6: KOTA MARUDU | H6: MATUNGGONG | I6: INDARASON | J6: KG INDARASON | V6: 1
A7: 6 | B7: 320214125005 | C7: H0096017 | D7: L | E7: 1932 | F7: YAKANG BIN WAKAP | G7: KOTA MARUDU | H7: MATUNGGONG | I7: INDARASON | J7: KG INDARASON | V7: 1
A8: 7 | B8: 330117125109 | C8: H0095999 | D8: L | E8: 1933 | F8: ALI BIN DUSIAK | G8: KOTA MARUDU | H8: MATUNGGONG | I8: INDARASON | J8: KG INDARASON | V8: 1
A9: 8 | B9: 330515125198 | C9: H0060854 | D9: P | E9: 1933 | F9: LINANGKAPAN BINTI MASUKUD | G9: KOTA MARUDU | H9: MATUNGGONG | I9: INDARASON | J9: KG INDARASON | V9: 1
A10: 9 | B10: 330520125272 | C10: H0117933 | D10: P | E10: 1933 | F10: JALIK BINTI EDAU | G10: KOTA MARUDU | H10: MATUNGGONG | I10: INDARASON | J10: KG INDARASON | V10: 1
A11: 10 | B11: 330524125122 | C11: H0096006 | D11: P | E11: 1933 | F11: SINAUWASAH BINTI MOKILIN | G11: KOTA MARUDU | H11: MATUNGGONG | I11: INDARASON | J11: KG INDARASON | V11: 1
A12: 11 | B12: 331101125176 | C12: H0163817 | D12: P | E12: 1933 | F12: LUMINZOY @ FATIMAH BINTI MONGINZAM | G12: KOTA MARUDU | H12: MATUNGGONG | I12: INDARASON | J12: KG INDARASON | V12: 1
A13: 12 | B13: 331125125189 | C13: H0166334 | D13: L | E13: 1933 | F13: AMELASA BIN ALUSMAN | G13: KOTA MARUDU | H13: MATUNGGONG | I13: INDARASON | J13: KG INDARASON | V13: 1
... A95: 94 | B95: 620306125074 | C95: H0761974 | D95: P | E95: 1962 | F95: MONGKUIZA BINTI MAGADAM | G95: KOTA MARUDU | H95: MATUNGGONG | I95: INDARASON | J95: KG INDARASON | V95: 1
A96: 95 | B96: 620312125046 | D96: P | E96: 1962 | F96: SITI MARIAM BINTI PERIK | G96: KOTA MARUDU | H96: MATUNGGONG | I96: INDARASON | J96: KG INDARASON | V96: 1
A97: 96 | B97: 620503125823 | C97: H0677001 | D97: L | E97: 1962 | F97: MADIN BIN ZANE | G97: KOTA MARUDU | H97: MATUNGGONG | I97: INDARASON | J97: KG INDARASON | V97: 1
A98: 97 | B98: 620830125337 | C98: H0750000 | D98: L | E98: 1962 | F98: FERDLY BIN ADZAIL | G98: KOTA MARUDU | H98: MATUNGGONG | I98: INDARASON | J98: KG INDARASON | V98: 1
A99: 98 | B99: 630207125422 | D99: P | E99: 1963 | F99: NAGISAN BINTI MABALI @ MAPARIT | G99: KOTA MARUDU | H99: MATUNGGONG | I99: INDARASON | J99: KG INDARASON | V99: 1
A100: 99 | B100: 630605125938 | C100: H0764326 | D100: P | E100: 1963 | F100: AISAH BINTI JALILUL | G100: KOTA MARUDU | H100: MATUNGGONG | I100: INDARASON | J100: KG INDARASON | V100: 1
A101: 100 | B101: 630805125924 | C101: H0443286 | D101: P | E101: 1963 | F101: FATIMAH BINTI SAPILIN | G101: KOTA MARUDU | H101: MATUNGGONG | I101: INDARASON | J101: KG INDARASON | V101: 1
A102: 101 | B102: 630812125308 | C102: H0689215 | D102: P | E102: 1963 | F102: SITAH BINTI MOHAMAT | G102: KOTA MARUDU | H102: MATUNGGONG | I102: INDARASON | J102: KG INDARASON | V102: 1
A103: 102 | B103: 630823125215 | C103: H0437588 | D103: L | E103: 1963 | F103: ASLI BIN ABD KARIM | G103: KOTA MARUDU | H103: MATUNGGONG | I103: INDARASON | J103: KG INDARASON | V103: 1
A104: 103 | B104: 631122125372 | C104: H0677588 | D104: P | E104: 1963 | F104: MARY BINTI JURUBAKAR | G104: KOTA MARUDU | H104: MATUNGGONG | I104: INDARASON | J104: KG INDARASON | V104: 1
A105: 104 | B105: 640401135594 | C105: K0170019 | D105: P | E105: 1964 | F105: RAHMAH BINTI BAKAR | G105: KOTA MARUDU | H105: MATUNGGONG | I105: INDARASON | J105: KG INDARASON | V105: 1
A106: 105 | B106: 640416125364 | C106: H0628417 | D106: P | E106: 1964 | F106: NORAINI @ RAIMAH BINTI MAJIKIT | G106: KOTA MARUDU | H106: MATUNGGONG | I106: INDARASON | J106: KG INDARASON | V106: 1
A107: 106 | B107: 640512125380 | C107: H0785467 | D107: P | E107: 1964 | F107: NORMANAH BINTI DIAM | G107: KOTA MARUDU | H107: MATUNGGONG | I107: INDARASON | J107: KG INDARASON | V107: 1
A108: 107 | B108: 640901125122 | C108: H6021343 | D108: P | E108: 1964 | F108: SALSIAH BINTI LAGUBA | G108: KOTA MARUDU | H108: MATUNGGONG | I108: INDARASON | J108: KG INDARASON | V108: 1
A109: 108 | B109: 641215125661 | C109: H0775568 | D109: L | E109: 1964 | F109: JARUMAH BIN KINTOLUK | G109: KOTA MARUDU | H109: MATUNGGONG | I109: INDARASON | J109: KG INDARASON | V109: 1
A110: 109 | B110: 650120125276 | C110: H0762230 | D110: P | E110: 1965 | F110: FALMAH BINTI RAJAH ISMAIL | G110: KOTA MARUDU | H110: MATUNGGONG | I110: INDARASON | J110: KG INDARASON | V110: 1
A111: 110 | B111: 650201125227 | C111: H0628186 | D111: L | E111: 1965 | F111: MANSOR BIN UKOK | G111: KOTA MARUDU | H111: MATUNGGONG | I111: INDARASON | J111: KG INDARASON | V111: 1
... A150: 149 | B150: 700109125016 | C150: H0765727 | D150: P | E150: 1970 | F150: MAIMUN BINTI SARPRI | G150: KOTA MARUDU | H150: MATUNGGONG | I150: INDARASON | J150: KG INDARASON | V150: 1
A151: 150 | B151: 700110126008 | D151: P | E151: 1970 | F151: NERIN BINTI KAMAHON | G151: KOTA MARUDU | H151: MATUNGGONG | I151: INDARASON | J151: KG INDARASON | V151: 1
A152: 151 | B152: 700126125181 | C152: H0773819 | D152: L | E152: 1970 | F152: MAPANSING BIN MAJJUDUL | G152: KOTA MARUDU | H152: MATUNGGONG | I152: INDARASON | J152: KG INDARASON | V152: 1
A153: 152 | B153: 700302125464 | C153: H0853888 | D153: P | E153: 1970 | F153: ROSITAH BINTI MAJIKIT | G153: KOTA MARUDU | H153: MATUNGGONG | I153: INDARASON | J153: KG INDARASON | V153: 1
A154: 153 | B154: 700316125086 | D154: P | E154: 1970 | F154: RUSNI BINTI MAJINGGIL | G154: KOTA MARUDU | H154: MATUNGGONG | I154: INDARASON | J154: KG INDARASON | V154: 1
A155: 154 | B155: 700316125465 | D155: L | E155: 1970 | F155: LEFUDIN BIN NCPIK | G155: KOTA MARUDU | H155: MATUNGGONG | I155: INDARASON | J155: KG INDARASON | V155: 1
A156: 155 | B156: 700418125300 | C156: H0753058 | D156: P | E156: 1970 | F156: JAMINAH BINTI LOEDIUN | G156: KOTA MARUDU | H156: MATUNGGONG | I156: INDARASON | J156: KG INDARASON | V156: 1
A157: 156 | B157: 700711125107 | C157: H0810729 | D157: L | E157: 1970 | F157: JATAHIR BIN ANDOU | G157: KOTA MARUDU | H157: MATUNGGONG | I157: INDARASON | J157: KG INDARASON | V157: 1
A158: 157 | B158: 700903125339 | C158: H0823778 | D158: L | E158: 1970 | F158: ADDAMAIN BIN IKON | G158: KOTA MARUDU | H158: MATUNGGONG | I158: INDARASON | J158: KG INDARASON | V158: 1
A159: 158 | B159: 700914125270 | C159: H0760178 | D159: P | E159: 1970 | F159: NORMAMAH BINTI BIDAN @ BIDIN | G159: KOTA MARUDU | H159: MATUNGGONG | I159: INDARASON | J159: KG INDARASON | V159: 1
A160: 159 | B160: 710405125183 | C160: H0817561 | D160: L | E160: 1971 | F160: DEIMI BIN ABDUL KARIM | G160: KOTA MARUDU | H160: MATUNGGONG | I160: INDARASON | J160: KG INDARASON | V160: 1
A161: 160 | B161: 710407125099 | D161: L | E161: 1971 | F161: JOSTIN BIN MANGURINDAP | G161: KOTA MARUDU | H161: MATUNGGONG | I161: INDARASON | J161: KG INDARASON | V161: 1
A162: 161 | B162: 710705125089 | C162: H0781978 | D162: L | E162: 1971 | F162: ABBI PAISA BIN MOHAMAD | G162: KOTA MARUDU | H162: MATUNGGONG | I162: INDARASON | J162: KG INDARASON | V162: 1
A163: 162 | B163: 710717125342 | C163: H0895803 | D163: P | E163: 1971 | F163: SARIMAH BINTI ABDUL RAZAK | G163: KOTA MARUDU | H163: MATUNGGONG | I163: INDARASON | J163: KG INDARASON | V163: 1
A164: 163 | B164: 710725125262 | D164: P | E164: 1971 | F164: JIMAH BINTI DOON | G164: KOTA MARUDU | H164: MATUNGGONG | I164: INDARASON | J164: KG INDARASON | V164: 1
A165: 164 | B165: 711203125614 | D165: P | E165: 1971 | F165: MASRIAH BINTI BANSIL | G165: KOTA MARUDU | H165: MATUNGGONG | I165: INDARASON | J165: KG INDARASON | V165: 1
A166: 165 | B166: 720112125023 | D166: L | E166: 1972 | F166: KASLAN BIN MAMUN | G166: KOTA MARUDU | H166: MATUNGGONG | I166: INDARASON | J166: KG INDARASON | V166: 1
A167: 166 | B167: 720208125749 | C167: H0794959 | D167: L | E167: 1972 | F167: ROSNIN BIN BAKIA | G167: KOTA MARUDU | H167: MATUNGGONG | I167: INDARASON | J167: KG INDARASON | V167: 1
A168: 167 | B168: 720315125410 | C168: H0792817 | D168: P | E168: 1972 | F168: MULIA BINTI KASITUM | G168: KOTA MARUDU | H168: MATUNGGONG | I168: INDARASON | J168: KG INDARASON | V168: 1
A169: 168 | B169: 720620125396 | C169: H0912298 | D169: P | E169: 1972 | F169: SAMMILA BINTI ABDUL KARIM | G169: KOTA MARUDU | H169: MATUNGGONG | I169: INDARASON | J169: KG INDARASON | V169: 1
A170: 169 | B170: 720717125042 | D170: P | E170: 1972 | F170: MENGUNSIRI BINTI MOTURA | G170: KOTA MARUDU | H170: MATUNGGONG | I170: INDARASON | J170: KG INDARASON | V170: 1
A171: 170 | B171: 720802125725 | C171: H0834704 | D171: L | E171: 1972 | F171: MALAN BIN ZANE | G171: KOTA MARUDU | H171: MATUNGGONG | I171: INDARASON | J171: KG INDARASON | V171: 1
A172: 171 | B172: 720816125558 | C172: H0834360 | D172: P | E172: 1972 | F172: FARIDAH BINTI AMIL BANGSA TUAH | G172: KOTA MARUDU | H172: MATUNGGONG | I172: INDARASON | J172: KG INDARASON | V172: 1
A173: 172 | B173: 720908125109 | D173: L | E173: 1972 | F173: LAIP BIN MOTURON | G173: KOTA MARUDU | H173: MATUNGGONG | I173: INDARASON | J173: KG INDARASON | V173: 1
A174: 173 | B174: 720912125849 | C174: H0910128 | D174: L | E174: 1972 | F174: PAJILIP BIN PAIKIN | G174: KOTA MARUDU | H174: MATUNGGONG | I174: INDARASON | J174: KG INDARASON | V174: 1
A175: 174 | B175: 721121125433 | C175: H0834723 | D175: L | E175: 1972 | F175: MOHD DIAN BIN BUYAR | G175: KOTA MARUDU | H175: MATUNGGONG | I175: INDARASON | J175: KG INDARASON | V175: 1
A176: 175 | B176: 721208125858 | D176: P | E176: 1972 | F176: NORMADIAH BINTI BANSIL | G176: KOTA MARUDU | H176: MATUNGGONG | I176: INDARASON | J176: KG INDARASON | V176: 1
A177: 176 | B177: 730101126468 | C177: H0962890 | D177: P | E177: 1973 | F177: KORULIN YUGOK | G177: KOTA MARUDU | H177: MATUNGGONG | I177: INDARASON | J177: KG INDARASON | V177: 1
A178: 177 | B178: 730117125080 | D178: P | E178: 1973 | F178: FATIMAH ZAIMUN BINTI OTONG DIKIH | G178: KOTA MARUDU | H178: MATUNGGONG | I178: INDARASON | J178: KG INDARASON | V178: 1
A179: 178 | B179: 730305125408 | C179: H0898680 | D179: P | E179: 1973 | F179: NORITA BINTI BIDIN | G179: KOTA MARUDU | H179: MATUNGGONG | I179: INDARASON | J179: KG INDARASON | V179: 1
A180: 179 | B180: 730423125302 | C180: H0859988 | D180: P | E180: 1973 | F180: MARIAH BINTI RAJAH ISMAIL | G180: KOTA MARUDU | H180: MATUNGGONG | I180: INDARASON | J180: KG INDARASON | V180: 1
A181: 180 | B181: 730523125051 | C181: H0894729 | D181: L | E181: 1973 | F181: HAMIDIE BIN ABD HAMID | G181: KOTA MARUDU | H181: MATUNGGONG | I181: INDARASON | J181: KG INDARASON | V181: 1
A182: 181 | B182: 730608125018 | D182: P | E182: 1973 | F182: MARSILINA BINTI PUNKAONG | G182: KOTA MARUDU | H182: MATUNGGONG | I182: INDARASON | J182: KG INDARASON | V182: 1
A183: 182 | B183: 730624125691 | D183: L | E183: 1973 | F183: JOMITOL BIN BOLONG | G183: KOTA MARUDU | H183: MATUNGGONG | I183: INDARASON | J183: KG INDARASON | V183: 1
A184: 183 | B184: 730919125541 | C184: H0889067 | D184: L | E184: 1973 | F184: AWANG MUDIN BIN ASMAR | G184: KOTA MARUDU | H184: MATUNGGONG | I184: INDARASON | J184: KG INDARASON | V184: 1
A185: 184 | B185: 731004125310 | C185: H0969016 | D185: P | E185: 1973 | F185: AGNES BINTI MULANDA | G185: KOTA MARUDU | H185: MATUNGGONG | I185: INDARASON | J185: KG INDARASON | V185: 1
A186: 185 | B186: 731110126165 | C186: H0828876 | D186: L | E186: 1973 | F186: ADAM BIN ADREST | G186: KOTA MARUDU | H186: MATUNGGONG | I186: INDARASON | J186: KG INDARASON | V186: 1
A187: 186 | B187: 731203125575 | C187: H0865444 | D187: L | E187: 1973 | F187: PALAJUMAN BIN MONGANKIM | G187: KOTA MARUDU | H187: MATUNGGONG | I187: INDARASON | J187: KG INDARASON | V187: 1
A188: 187 | B188: 740604125837 | C188: H0865505 | D188: L | E188: 1974 | F188: AMRAN BIN AGONG | G188: KOTA MARUDU | H188: MATUNGGONG | I188: INDARASON | J188: KG INDARASON | V188: 1
A189: 188 | B189: 740714125627 | D189: L | E189: 1974 | F189: JIMIT ARA | G189: KOTA MARUDU | H189: MATUNGGONG | I189: INDARASON | J189: KG INDARASON | V189: 1
A190: 189 | B190: 740907125631 | C190: H0942303 | D190: L | E190: 1974 | F190: MUKADIS BIN MAMUN | G190: KOTA MARUDU | H190: MATUNGGONG | I190: INDARASON | J190: KG INDARASON | V190: 1
A191: 190 | B191: 741113125386 | C191: H0913224 | D191: P | E191: 1974 | F191: MARINAH BINTI PAMINTAL | G191: KOTA MARUDU | H191: MATUNGGONG | I191: INDARASON | J191: KG INDARASON | V191: 1
A192: 191 | B192: 750226125387 | C192: H0934827 | D192: L | E192: 1975 | F192: ABDUL LALIM BIN ETONG | G192: KOTA MARUDU | H192: MATUNGGONG | I192: INDARASON | J192: KG INDARASON | V192: 1
A193: 192 | B193: 750517126048 | D193: P | E193: 1975 | F193: ROSIAH BINTI MARALI | G193: KOTA MARUDU | H193: MATUNGGONG | I193: INDARASON | J193: KG INDARASON | V193: 1
A194: 193 | B194: 751224125206 | C194: H0941745 | D194: P | E194: 1975 | F194: DAYANG BINTI JAPPRIN | G194: KOTA MARUDU | H194: MATUNGGONG | I194: INDARASON | J194: KG INDARASON | V194: 1
A195: 194 | B195: 760427125542 | D195: P | E195: 1976 | F195: LIMASNIAH BINTI BUNTOL | G195: KOTA MARUDU | H195: MATUNGGONG | I195: INDARASON | J195: KG INDARASON | V195: 1
A196: 195 | B196: 760728125255 | C196: H0931478 | D196: L | E196: 1976 | F196: JOONES BIN KASITUM | G196: KOTA MARUDU | H196: MATUNGGONG | I196: INDARASON | J196: KG INDARASON | V196: 1
A197: 196 | B197: 760819125111 | D197: L | E197: 1976 | F197: ROSMAN BIN BUYAR | G197: KOTA MARUDU | H197: MATUNGGONG | I197: INDARASON | J197: KG INDARASON | V197: 1
A198: 197 | B198: 760912125896 | C198: H0936787 | D198: P | E198: 1976 | F198: SHARIFAH HANIFAH BINTI ELIS | G198: KOTA MARUDU | H198: MATUNGGONG | I198: INDARASON | J198: KG INDARASON | V198: 1
A199: 198 | B199: 761026125036 | D199: P | E199: 1976 | F199: ARNA BINTI PANGALAMAN | G199: KOTA MARUDU | H199: MATUNGGONG | I199: INDARASON | J199: KG INDARASON | V199: 1
A200: 199 | B200: 761128125678 | C200: H0928965 | D200: P | E200: 1976 | F200: ANNESIA BINTI JAMES | G200: KOTA MARUDU | H200: MATUNGGONG | I200: INDARASON | J200: KG INDARASON | V200: 1
A201: 200 | B201: 770526125061 | D201: L | E201: 1977 | F201: JIMMY BIN MAPINGKI | G201: KOTA MARUDU | H201: MATUNGGONG | I201: INDARASON | J201: KG INDARASON | V201: 1
A202: 201 | B202: 780706125949 | D202: L | E202: 1978 | F202: ADJUN BIN MASAMPAI | G202: KOTA MARUDU | H202: MATUNGGONG | I202: INDARASON | J202: KG INDARASON | V202: 1
A203: 202 | B203: 780723125764 | D203: P | E203: 1978 | F203: ATIMAH BINTI ABDUL RAZAK | G203: KOTA MARUDU | H203: MATUNGGONG | I203: INDARASON | J203: KG INDARASON | V203: 1
A204: 203 | B204: 780918126185 | D204: L | E204: 1978 | F204: TESON @ MOHAMMAD SYAHFFIE BIN JAPRIL | G204: KOTA MARUDU | H204: MATUNGGONG | I204: INDARASON | J204: KG INDARASON | V204: 1
A205: 204 | B205: 781007125717 | D205: L | E205: 1978 | F205: FRED BIN MAPINGKI | G205: KOTA MARUDU | H205: MATUNGGONG | I205: INDARASON | J205: KG INDARASON | V205: 1
A206: 205 | B206: 790206125917 | D206: L | E206: 1979 | F206: WILLIE BIN BUNTOL | G206: KOTA MARUDU | H206: MATUNGGONG | I206: INDARASON | J206: KG INDARASON | V206: 1
A207: 206 | B207: 790414126201 | D207: L | E207: 1979 | F207: HASSAN BIN ABD.RASHID | G207: KOTA MARUDU | H207: MATUNGGONG | I207: INDARASON | J207: KG INDARASON | V207: 1
A208: 207 | B208: 000122121602 | D208: P | E208: 2000 | F208: ALINE TAISONG | G208: KOTA MARUDU | H208: MATUNGGONG | I208: INDARASON | J208: KG INDARASON | V208: 1
A209: 208 | B209: 000226050319 | D209: L | E209: 2000 | F209: MUHAMMAD NULSHAHRIL HAIRE BIN HAMIDIE | G209: KOTA MARUDU | H209: MATUNGGONG | I209: INDARASON | J209: KG INDARASON | V209: 1
A210: 209 | B210: 000301120517 | D210: L | E210: 2000 | F210: MALDINI BIN JOSNON | G210: KOTA MARUDU | H210: MATUNGGONG | I210: INDARASON | J210: KG INDARASON | V210: 1
A211: 210 | B211: 000513120391 | D211: L | E211: 2000 | F211: HADDIVIN BIN UKUNG | G211: KOTA MARUDU | H211: MATUNGGONG | I211: INDARASON | J211: KG INDARASON | V211: 1
A212: 211 | B212: 000521120658 | D212: P | E212: 2000 | F212: ALICIA BINTI JOSEPH | G212: KOTA MARUDU | H212: MATUNGGONG | I212: INDARASON | J212: KG INDARASON | V212: 1
... A242: 241 | B242: 641016125255 | D242: L | E242: 1964 | F242: DIUS BIN MALAHAN | G242: KOTA MARUDU | H242: MATUNGGONG | I242: INDARASON | J242: KG INDARASON | V242: 1
A243: 242 | B243: 650515125828 | C243: H0762013 | D243: P | E243: 1965 | F243: ROHANA BINTI ABDUL HAMID | G243: KOTA MARUDU | H243: MATUNGGONG | I243: INDARASON | J243: KG INDARASON | V243: 1
A244: 243 | B244: 670410125870 | D244: P | E244: 1967 | F244: SINOPILIN BINTI MALAHAN | G244: KOTA MARUDU | H244: MATUNGGONG | I244: INDARASON | J244: KG INDARASON | V244: 1
A245: 244 | B245: 680110126627 | D245: L | E245: 1968 | F245: JOMIRI BIN MOMUKA | G245: KOTA MARUDU | H245: MATUNGGONG | I245: INDARASON | J245: KG INDARASON | V245: 1
A246: 246 | B246: 681001126454 | D246: P | E246: 1968 | F246: ANABELAS BINTI MONGIRUN | G246: KOTA MARUDU | H246: MATUNGGONG | I246: INDARASON | J246: KG INDARASON | V246: 1
A247: 247 | B247: 690526125221 | C247: H0798795 | D247: L | E247: 1969 | F247: SOPIAL BIN KINTOLUK | G247: KOTA MARUDU | H247: MATUNGGONG | I247: INDARASON | J247: KG INDARASON | V247: 1
A248: 248 | B248: 690805125021 | D248: L | E248: 1969 | F248: USNI BIN AMIL | G248: KOTA MARUDU | H248: MATUNGGONG | I248: INDARASON | J248: KG INDARASON | V248: 1
...
