Workbook

Sheet Dashboard
A1: DASHBOARD PDM LODUNG
A3: DM | B3: LOKALITI | C3: BILANGAN PENGUNDI BERDAFTAR | D3: Anggaran Peratusan Turun Mengundi (75%) | E3: Sasaran UNDI 60% | F3: SASARAN KETUA KELUARGA (K10) | G3: JUMLAH K10 TERKINI | H3: PUTIH TERKINI | I3: Atas Pagar | J3: HITAM | K3: TIDAK KENAL | L3: Meninggal Dunia | M3: Pengundi Luar PARLIMEN | N3: Pengundi Luar SABAH | O3: PECAHAN PENGUNDI MENGIKUT UMUR
O4: 18 - 30 | P4: 31 - 45 | Q4: 46 - KEATAS
A5: LODUNG | B5: RONGGU | C5: =SUM('PDM LODUNG'!V2:V124) -> 123 | D5: =C5*75/100 -> 92.25 | E5: =SUM(D5*55/100) -> 50.7375 | F5: =SUM(E5/10) -> 5.07375 | G5: =SUM('PDM LODUNG'!L2:L124) -> 0 | H5: =SUM('PDM LODUNG'!M2:M124) -> 0 | I5: =SUM('PDM LODUNG'!N2:N124) -> 0 | J5: =SUM('PDM LODUNG'!O2:O124) -> 0 | K5: =SUM('PDM LODUNG'!P2:P124) -> 0 | L5: =SUM('PDM LODUNG'!Q2:Q124) -> 0 | M5: =SUM('PDM LODUNG'!R2:R124) -> 0 | N5: =SUM('PDM LODUNG'!S2:S124) -> 0
B6: DAHI | C6: =SUM('PDM LODUNG'!V125:V158) -> 34 | D6: =C6*75/100 -> 25.5 | E6: =SUM(D6*55/100) -> 14.025 | F6: =SUM(E6/10) -> 1.4025 | G6: =SUM('PDM LODUNG'!L125:L158) -> 0 | H6: =SUM('PDM LODUNG'!M125:M158) -> 0 | I6: =SUM('PDM LODUNG'!N125:N158) -> 0 | J6: =SUM('PDM LODUNG'!O125:O158) -> 0 | K6: =SUM('PDM LODUNG'!P125:P158) -> 0 | L6: =SUM('PDM LODUNG'!Q125:Q158) -> 0 | M6: =SUM('PDM LODUNG'!R125:R158) -> 0 | N6: =SUM('PDM LODUNG'!S125:S158) -> 0
B7: KIOPU | C7: =SUM('PDM LODUNG'!V159:V376) -> 218 | D7: =C7*75/100 -> 163.5 | E7: =SUM(D7*55/100) -> 89.925 | F7: =SUM(E7/10) -> 8.9925 | G7: =SUM('PDM LODUNG'!L159:L376) -> 0 | H7: =SUM('PDM LODUNG'!M159:M376) -> 0 | I7: =SUM('PDM LODUNG'!N159:N376) -> 0 | J7: =SUM('PDM LODUNG'!O159:O376) -> 0 | K7: =SUM('PDM LODUNG'!P159:P376) -> 0 | L7: =SUM('PDM LODUNG'!Q159:Q376) -> 0 | M7: =SUM('PDM LODUNG'!R159:R376) -> 0 | N7: =SUM('PDM LODUNG'!S159:S376) -> 0
B8: LODUNG | C8: =SUM('PDM LODUNG'!V377:V956) -> 580 | D8: =C8*75/100 -> 435 | E8: =SUM(D8*55/100) -> 239.25 | F8: =SUM(E8/10) -> 23.925 | G8: =SUM('PDM LODUNG'!L377:L956) -> 0 | H8: =SUM('PDM LODUNG'!M377:M956) -> 0 | I8: =SUM('PDM LODUNG'!N377:N956) -> 0 | J8: =SUM('PDM LODUNG'!O377:O956) -> 0 | K8: =SUM('PDM LODUNG'!P377:P956) -> 0 | L8: =SUM('PDM LODUNG'!Q377:Q956) -> 0 | M8: =SUM('PDM LODUNG'!R377:R956) -> 0 | N8: =SUM('PDM LODUNG'!S377:S956) -> 0
B9: PITURU | C9: =SUM('PDM LODUNG'!V957:V1151) -> 195 | D9: =C9*75/100 -> 146.25 | E9: =SUM(D9*55/100) -> 80.4375 | F9: =SUM(E9/10) -> 8.04375 | G9: =SUM('PDM LODUNG'!L957:L1151) -> 0 | H9: =SUM('PDM LODUNG'!M957:M1151) -> 0 | I9: =SUM('PDM LODUNG'!N957:N1151) -> 0 | J9: =SUM('PDM LODUNG'!O957:O1151) -> 0 | K9: =SUM('PDM LODUNG'!P957:P1151) -> 0 | L9: =SUM('PDM LODUNG'!Q957:Q1151) -> 0 | M9: =SUM('PDM LODUNG'!R957:R1151) -> 0 | N9: =SUM('PDM LODUNG'!S957:S1151) -> 0
B10: DUMPIRING | C10: =SUM('PDM LODUNG'!V1152:V1297) -> 146 | D10: =C10*75/100 -> 109.5 | E10: =SUM(D10*55/100) -> 60.225 | F10: =SUM(E10/10) -> 6.0225 | G10: =SUM('PDM LODUNG'!L1152:L1297) -> 0 | H10: =SUM('PDM LODUNG'!M1152:M1297) -> 0 | I10: =SUM('PDM LODUNG'!N1152:N1297) -> 0 | J10: =SUM('PDM LODUNG'!O1152:O1297) -> 0 | K10: =SUM('PDM LODUNG'!P1152:P1297) -> 0 | L10: =SUM('PDM LODUNG'!Q1152:Q1297) -> 0 | M10: =SUM('PDM LODUNG'!R1152:R1297) -> 0 | N10: =SUM('PDM LODUNG'!S1152:S1297) -> 0
B11: LODUNG TOGUDON | C11: =SUM('PDM LODUNG'!V1298:V1377) -> 80 | D11: =C11*75/100 -> 60 | E11: =SUM(D11*55/100) -> 33 | F11: =SUM(E11/10) -> 3.3 | G11: =SUM('PDM LODUNG'!L1298:L1377) -> 0 | H11: =SUM('PDM LODUNG'!M1298:M1377) -> 0 | I11: =SUM('PDM LODUNG'!N1298:N1377) -> 0 | J11: =SUM('PDM LODUNG'!O1298:O1377) -> 0 | K11: =SUM('PDM LODUNG'!P1298:P1377) -> 0 | L11: =SUM('PDM LODUNG'!Q1298:Q1377) -> 0 | M11: =SUM('PDM LODUNG'!R1298:R1377) -> 0 | N11: =SUM('PDM LODUNG'!S1298:S1377) -> 0
B12: KUSILAD DARAT | C12: =SUM('PDM LODUNG'!V1378:V1433) -> 56 | D12: =C12*75/100 -> 42 | E12: =SUM(D12*55/100) -> 23.1 | F12: =SUM(E12/10) -> 2.31 | G12: =SUM('PDM LODUNG'!L1378:L1433) -> 0 | H12: =SUM('PDM LODUNG'!M1378:M1433) -> 0 | I12: =SUM('PDM LODUNG'!N1378:N1433) -> 0 | J12: =SUM('PDM LODUNG'!O1378:O1433) -> 0 | K12: =SUM('PDM LODUNG'!P1378:P1433) -> 0 | L12: =SUM('PDM LODUNG'!Q1378:Q1433) -> 0 | M12: =SUM('PDM LODUNG'!R1378:R1433) -> 0 | N12: =SUM('PDM LODUNG'!S1378:S1433) -> 0
A13: JUMLAH | C13: =SUM(C5:C12) -> 1432 | D13: =SUM(D5:D12) -> 1074 | E13: =SUM(E5:E12) -> 590.7 | F13: =SUM(F5:F12) -> 59.07 | G13: =SUM(G5:G12) -> 0 | H13: =SUM(H5:H12) -> 0 | I13: =SUM(I5:I12) -> 0 | J13: =SUM(J5:J12) -> 0 | ... M13: =SUM(M5:M12) -> 0 | O13: =SUM(O5:O12) -> 0 | P13: =SUM(P5:P12) -> 0 | Q13: =SUM(Q5:Q12) -> 0

Sheet PDM LODUNG
A1: NO | B1: NO KP | C1: IC LAMA | D1: S | E1: LAHIR | F1: NAMA PENUH | G1: PARLIMEN | H1: DUN | I1: DM | J1: LOKALITI | K1: NO TELEFON | L1: K10 | M1: P | N1: AP | O1: H | P1: TAK KENAL | Q1: X DUNIA | R1: SABAH LABUAN | S1: LUAR SABAH | T1: Perincian | U1: TAGING | V1: D | W1: TAMBANG | X1: SEWA KERETA | Y1: Delivered
A2: 1 | B2: 181219125066 | C2: H0262175 | D2: P | E2: 1918 | F2: YUMOKBONG BINTI BOOI | G2: KOTA MARUDU | H2: MATUNGGONG | I2: LODUNG | J2: KG RONGGU | V2: 1
A3: 2 | B3: 400705125544 | C3: H0135632 | D3: P | E3: 1940 | F3: UNDABIS BINTI MAAN | G3: KOTA MARUDU | H3: MATUNGGONG | I3: LODUNG | J3: KG RONGGU | V3: 1
A4: 3 | B4: 410103125255 | C4: H0175333 | D4: L | E4: 1941 | F4: TOVODSOH BIN LUMANAH | G4: KOTA MARUDU | H4: MATUNGGONG | I4: LODUNG | J4: KG RONGGU | V4: 1
A5: 4 | B5: 430304125268 | C5: H0263096 | D5: P | E5: 1943 | F5: VUNSIJAH BINTI SUKU | G5: KOTA MARUDU | H5: MATUNGGONG | I5: LODUNG | J5: KG RONGGU | V5: 1
A6: 5 | B6: 441228125218 | C6: H0408523 | D6: P | E6: 1944 | F6: AH CHEMIN BINTI AHSA | G6: KOTA MARUDU | H6: MATUNGGONG | I6: LODUNG | J6: KG RONGGU | V6: 1
A7: 6 | B7: 450420125124 | C7: H0263020 | D7: P | E7: 1945 | F7: ONGUNDOYI BINTI MAAN | G7: KOTA MARUDU | H7: MATUNGGONG | I7: LODUNG | J7: KG RONGGU | V7: 1
A8: 7 | B8: 480507125095 | C8: H0279821 | D8: L | E8: 1948 | F8: LADA BIN LADILAK | G8: KOTA MARUDU | H8: MATUNGGONG | I8: LODUNG | J8: KG RONGGU | V8: 1
A9: 8 | B9: 501231125325 | C9: H0261928 | D9: L | E9: 1950 | F9: KILIM BIN UMBAUAN | G9: KOTA MARUDU | H9: MATUNGGONG | I9: LODUNG | J9: KG RONGGU | V9: 1
A10: 9 | B10: 511229125130 | C10: H0278906 | D10: P | E10: 1951 | F10: UZAI BINTI DAANG | G10: KOTA MARUDU | H10: MATUNGGONG | I10: LODUNG | J10: KG RONGGU | V10: 1
A11: 10 | B11: 570426125033 | C11: H0210994 | D11: L | E11: 1957 | F11: LEE TZE KIUN | G11: KOTA MARUDU | H11: MATUNGGONG | I11: LODUNG | J11: KG RONGGU | V11: 1
A12: 11 | B12: 570525125186 | C12: H0428712 | D12: P | E12: 1957 | F12: UYAH @ HELEN BINTI TAMPURUN | G12: KOTA MARUDU | H12: MATUNGGONG | I12: LODUNG | J12: KG RONGGU | V12: 1
A13: 12 | B13: 570623125163 | C13: H0143098 | D13: L | E13: 1957 | F13: WONG KUI HI @ WONG THEN FAH | G13: KOTA MARUDU | H13: MATUNGGONG | I13: LODUNG | J13: KG RONGGU | V13: 1
... A33: 32 | B33: 780111125704 | C33: H0967294 | D33: P | E33: 1978 | F33: ARIVIA MONGUBING | G33: KOTA MARUDU | H33: MATUNGGONG | I33: LODUNG | J33: KG RONGGU | V33: 1
A34: 33 | B34: 000115120206 | D34: P | E34: 2000 | F34: CHRISTI BINTI JOHNING | G34: KOTA MARUDU | H34: MATUNGGONG | I34: LODUNG | J34: KG RONGGU | V34: 1
A35: 34 | B35: 000804122071 | D35: L | E35: 2000 | F35: WELTER LEE | G35: KOTA MARUDU | H35: MATUNGGONG | I35: LODUNG | J35: KG RONGGU | V35: 1
A36: 35 | B36: 000819121020 | D36: P | E36: 2000 | F36: CALOREN BINTI JOHN | G36: KOTA MARUDU | H36: MATUNGGONG | I36: LODUNG | J36: KG RONGGU | V36: 1
A37: 36 | B37: 000926070927 | D37: L | E37: 2000 | F37: ELVIN DONIS | G37: KOTA MARUDU | H37: MATUNGGONG | I37: LODUNG | J37: KG RONGGU | V37: 1
A38: 37 | B38: 010616120553 | D38: L | E38: 2001 | F38: ALFRED MUSILIN | G38: KOTA MARUDU | H38: MATUNGGONG | I38: LODUNG | J38: KG RONGGU | V38: 1
A39: 38 | B39: 010818121677 | D39: L | E39: 2001 | F39: OWNELL BRYAN | G39: KOTA MARUDU | H39: MATUNGGONG | I39: LODUNG | J39: KG RONGGU | V39: 1
A40: 39 | B40: 010820120286 | D40: P | E40: 2001 | F40: JANE BINTI JOHNING | G40: KOTA MARUDU | H40: MATUNGGONG | I40: LODUNG | J40: KG RONGGU | V40: 1
A41: 40 | B41: 011018121403 | D41: L | E41: 2001 | F41: ERWIN ALFRED | G41: KOTA MARUDU | H41: MATUNGGONG | I41: LODUNG | J41: KG RONGGU | V41: 1
A42: 41 | B42: 020109120427 | D42: L | E42: 2002 | F42: JERYSON BIN BIDIN | G42: KOTA MARUDU | H42: MATUNGGONG | I42: LODUNG | J42: KG RONGGU | V42: 1
A43: 42 | B43: 020820120293 | D43: L | E43: 2002 | F43: LIUSTEN BIN MARTIN | G43: KOTA MARUDU | H43: MATUNGGONG | I43: LODUNG | J43: KG RONGGU | V43: 1
A44: 43 | B44: 021101120427 | D44: L | E44: 2002 | F44: AS MIZAL LODIRIS | G44: KOTA MARUDU | H44: MATUNGGONG | I44: LODUNG | J44: KG RONGGU | V44: 1
A45: 44 | B45: 030721120430 | D45: P | E45: 2003 | F45: ANGELLY WONG FUNG FUNG | G45: KOTA MARUDU | H45: MATUNGGONG | I45: LODUNG | J45: KG RONGGU | V45: 1
... A51: 52 | B51: 071012121298 | D51: P | E51: 2007 | F51: MICHLEE KROCE MUSILIN | G51: KOTA MARUDU | H51: MATUNGGONG | I51: LODUNG | J51: KG RONGGU | V51: 1
A52: 53 | B52: 750322125256 | C52: H0948398 | D52: P | E52: 1975 | F52: LILY FREDORIN | G52: KOTA MARUDU | H52: MATUNGGONG | I52: LODUNG | J52: KG RONGGU | V52: 1
A53: 54 | B53: 761031125129 | D53: L | E53: 1976 | F53: ELVIS @ RICMAN REYES BIN OLISIN @ JOSEPH | G53: KOTA MARUDU | H53: MATUNGGONG | I53: LODUNG | J53: KG RONGGU | V53: 1
A54: 56 | B54: 800205125356 | D54: P | E54: 1980 | F54: JAINIE BINTI OMPORILENG | G54: KOTA MARUDU | H54: MATUNGGONG | I54: LODUNG | J54: KG RONGGU | V54: 1
A55: 57 | B55: 800612125775 | D55: L | E55: 1980 | F55: MADERIM BIN KILIM | G55: KOTA MARUDU | H55: MATUNGGONG | I55: LODUNG | J55: KG RONGGU | V55: 1
A56: 58 | B56: 800616125019 | D56: L | E56: 1980 | F56: ZAINAL BIN MOLUPIN | G56: KOTA MARUDU | H56: MATUNGGONG | I56: LODUNG | J56: KG RONGGU | V56: 1
A57: 59 | B57: 810819125755 | D57: L | E57: 1981 | F57: ALEXIUS BOLA | G57: KOTA MARUDU | H57: MATUNGGONG | I57: LODUNG | J57: KG RONGGU | V57: 1
A58: 60 | B58: 811204126043 | D58: L | E58: 1981 | F58: JEMISUS BIN LAPUSING | G58: KOTA MARUDU | H58: MATUNGGONG | I58: LODUNG | J58: KG RONGGU | V58: 1
A59: 61 | B59: 811225125787 | D59: L | E59: 1981 | F59: RONNI BIN JOHN | G59: KOTA MARUDU | H59: MATUNGGONG | I59: LODUNG | J59: KG RONGGU | V59: 1
A60: 63 | B60: 820704126685 | D60: L | E60: 1982 | F60: ROLAND BIN NAIH | G60: KOTA MARUDU | H60: MATUNGGONG | I60: LODUNG | J60: KG RONGGU | V60: 1
A61: 64 | B61: 820811125151 | D61: L | E61: 1982 | F61: JUANIS LEE SUI KONG | G61: KOTA MARUDU | H61: MATUNGGONG | I61: LODUNG | J61: KG RONGGU | V61: 1
A62: 65 | B62: 820818125429 | D62: L | E62: 1982 | F62: DORRIS BIN LASANIM | G62: KOTA MARUDU | H62: MATUNGGONG | I62: LODUNG | J62: KG RONGGU | V62: 1
A63: 66 | B63: 821009125570 | D63: P | E63: 1982 | F63: TRACY BINTI TAYAH | G63: KOTA MARUDU | H63: MATUNGGONG | I63: LODUNG | J63: KG RONGGU | V63: 1
A64: 67 | B64: 821122125951 | D64: L | E64: 1982 | F64: EDWIN BIN OLISIN @ JOSEPH | G64: KOTA MARUDU | H64: MATUNGGONG | I64: LODUNG | J64: KG RONGGU | V64: 1
... A110: 120 | B110: 040419120295 | D110: L | E110: 2004 | F110: CHARLOTTE ODLUKE FRANCIS | G110: KOTA MARUDU | H110: MATUNGGONG | I110: LODUNG | J110: KG RONGGU | V110: 1
A111: 121 | B111: 520323125182 | C111: H0270225 | D111: P | E111: 1952 | F111: LIM CHAU SHAM @ LIM NYUK JIN | G111: KOTA MARUDU | H111: MATUNGGONG | I111: LODUNG | J111: KG RONGGU | V111: 1
A112: 122 | B112: 540207125204 | C112: H0255469 | D112: P | E112: 1954 | F112: NOLITON BINTI BARUNANG | G112: KOTA MARUDU | H112: MATUNGGONG | I112: LODUNG | J112: KG RONGGU | V112: 1
A113: 123 | B113: 571214125423 | C113: H0408241 | D113: L | E113: 1957 | F113: IBING @ THOMAS BIN JUGAH | G113: KOTA MARUDU | H113: MATUNGGONG | I113: LODUNG | J113: KG RONGGU | V113: 1
A114: 124 | B114: 630429125145 | C114: H0625960 | D114: L | E114: 1963 | F114: CHIN SU PIN | G114: KOTA MARUDU | H114: MATUNGGONG | I114: LODUNG | J114: KG RONGGU | V114: 1
A115: 125 | B115: 650722125118 | C115: H0661866 | D115: P | E115: 1965 | F115: JUNIAH BINTI AGAMBAT | G115: KOTA MARUDU | H115: MATUNGGONG | I115: LODUNG | J115: KG RONGGU | V115: 1
A116: 126 | B116: 690924125710 | C116: H0787064 | D116: P | E116: 1969 | F116: SOLIUS BINTI GHANI | G116: KOTA MARUDU | H116: MATUNGGONG | I116: LODUNG | J116: KG RONGGU | V116: 1
A117: 127 | B117: 691122125385 | C117: H0782310 | D117: L | E117: 1969 | F117: PETER BIN TAYAH | G117: KOTA MARUDU | H117: MATUNGGONG | I117: LODUNG | J117: KG RONGGU | V117: 1
A118: 128 | B118: 720527125017 | C118: H0803285 | D118: L | E118: 1972 | F118: ROBERT MOLUPIN | G118: KOTA MARUDU | H118: MATUNGGONG | I118: LODUNG | J118: KG RONGGU | V118: 1
A119: 129 | B119: 780628125678 | D119: P | E119: 1978 | F119: SOSI BINTI ISAP | G119: KOTA MARUDU | H119: MATUNGGONG | I119: LODUNG | J119: KG RONGGU | V119: 1
A120: 130 | B120: 830813125605 | D120: L | E120: 1983 | F120: HEDLEE BIN UHOU | G120: KOTA MARUDU | H120: MATUNGGONG | I120: LODUNG | J120: KG RONGGU | V120: 1
A121: 131 | B121: 831130126021 | D121: L | E121: 1983 | F121: JACKO JUNIER BIN JOHNNY | G121: KOTA MARUDU | H121: MATUNGGONG | I121: LODUNG | J121: KG RONGGU | V121: 1
A122: 132 | B122: 850630125563 | D122: L | E122: 1985 | F122: HELMON BIN KILIM | G122: KOTA MARUDU | H122: MATUNGGONG | I122: LODUNG | J122: KG RONGGU | V122: 1
A123: 133 | B123: 850224126130 | D123: P | E123: 1985 | F123: ALILIANA BINTI ALIS | G123: KOTA MARUDU | H123: MATUNGGONG | I123: LODUNG | J123: KG RONGGU | V123: 1
A124: 134 | B124: 130824125726 | C124: H0406534 | D124: P | E124: 1913 | F124: EJOHORT BINTI MAZIHUN | G124: KOTA MARUDU | H124: MATUNGGONG | I124: LODUNG | J124: KG RONGGU | V124: 1
A125: 135 | B125: 330817125126 | C125: H0204792 | D125: P | E125: 1933 | F125: ONJIRIM BINTI UJIDAM | G125: KOTA MARUDU | H125: MATUNGGONG | I125: LODUNG | J125: KG DAHI | V125: 1
A126: 136 | B126: 000930122144 | D126: P | E126: 2000 | F126: TERINCE BINTI ANTHONY | G126: KOTA MARUDU | H126: MATUNGGONG | I126: LODUNG | J126: KG DAHI | V126: 1
A127: 137 | B127: 001211100197 | D127: L | E127: 2000 | F127: NUR AIMAN AKMAL BIN MAJUNTING | G127: KOTA MARUDU | H127: MATUNGGONG | I127: LODUNG | J127: KG DAHI | V127: 1
A128: 138 | B128: 020724100305 | D128: L | E128: 2002 | F128: MOHAMMAD AIZAN EIZLAN BIN MAJUNTING | G128: KOTA MARUDU | H128: MATUNGGONG | I128: LODUNG | J128: KG DAHI | V128: 1
A129: 139 | B129: 021214120220 | D129: P | E129: 2002 | F129: TERAFIZZA BINTI ANTHONY | G129: KOTA MARUDU | H129: MATUNGGONG | I129: LODUNG | J129: KG DAHI | V129: 1
A130: 140 | B130: 040708100549 | D130: L | E130: 2004 | F130: MUHAMMAD AIMIN AFIQ BIN MAJUNTING | G130: KOTA MARUDU | H130: MATUNGGONG | I130: LODUNG | J130: KG DAHI | V130: 1
A131: 141 | B131: 060609121609 | D131: L | E131: 2006 | F131: RIFAL SETIAWAN BIN ABDULLAH | G131: KOTA MARUDU | H131: MATUNGGONG | I131: LODUNG | J131: KG DAHI | V131: 1
A132: 142 | B132: 061103120726 | D132: P | E132: 2006 | F132: ELLY SYELVERA RUDDY | G132: KOTA MARUDU | H132: MATUNGGONG | I132: LODUNG | J132: KG DAHI | V132: 1
A133: 143 | B133: 070707121249 | D133: L | E133: 2007 | F133: FRIVENRI FADRIC | G133: KOTA MARUDU | H133: MATUNGGONG | I133: LODUNG | J133: KG DAHI | V133: 1
A134: 145 | B134: 780409125619 | D134: L | E134: 1978 | F134: ELIXE BIN BALI | G134: KOTA MARUDU | H134: MATUNGGONG | I134: LODUNG | J134: KG DAHI | V134: 1
A135: 146 | B135: 780619125801 | D135: L | E135: 1978 | F135: JAINOL BIN ASANGKU | G135: KOTA MARUDU | H135: MATUNGGONG | I135: LODUNG | J135: KG DAHI | V135: 1
A136: 147 | B136: 801111125878 | D136: P | E136: 1980 | F136: MAJUIN BINTI ASANGKU | G136: KOTA MARUDU | H136: MATUNGGONG | I136: LODUNG | J136: KG DAHI | V136: 1
A137: 148 | B137: 810404126043 | D137: L | E137: 1981 | F137: FRARIUX FARIUS BIN OJUHING | G137: KOTA MARUDU | H137: MATUNGGONG | I137: LODUNG | J137: KG DAHI | V137: 1
... A156: 167 | B156: 990723126455 | D156: L | E156: 1999 | F156: BARRY BRYAN UNDICK | G156: KOTA MARUDU | H156: MATUNGGONG | I156: LODUNG | J156: KG DAHI | V156: 1
A157: 168 | B157: 511102125205 | C157: H0258976 | D157: L | E157: 1951 | F157: GANZAL BIN BARIS | G157: KOTA MARUDU | H157: MATUNGGONG | I157: LODUNG | J157: KG DAHI | V157: 1
A158: 169 | B158: 661218125323 | F158: MAJUNTING BIN UBAT | H158: MATUNGGONG | I158: LODUNG | J158: KG DAHI | V158: 1
A159: 170 | B159: 330426125188 | C159: H0429036 | D159: P | E159: 1933 | F159: MONDO BINTI KOMPANI | G159: KOTA MARUDU | H159: MATUNGGONG | I159: LODUNG | J159: KG KIOPU | V159: 1
A160: 171 | B160: 330426125196 | C160: H0261618 | D160: P | E160: 1933 | F160: ENDOHEYAK BINTI GUMBANNI | G160: KOTA MARUDU | H160: MATUNGGONG | I160: LODUNG | J160: KG KIOPU | V160: 1
A161: 172 | B161: 330429125124 | C161: H0384188 | D161: P | E161: 1933 | F161: UNDAZA BINTI RUMAMBOT | G161: KOTA MARUDU | H161: MATUNGGONG | I161: LODUNG | J161: KG KIOPU | V161: 1
A162: 173 | B162: 331224125248 | C162: H0035520 | D162: P | E162: 1933 | F162: MYA BINTI BUNDARAN | G162: KOTA MARUDU | H162: MATUNGGONG | I162: LODUNG | J162: KG KIOPU | V162: 1
A163: 174 | B163: 360504125376 | C163: H0261389 | D163: P | E163: 1936 | F163: DODOVOI BINTI MAZIRING | G163: KOTA MARUDU | H163: MATUNGGONG | I163: LODUNG | J163: KG KIOPU | V163: 1
A164: 175 | B164: 360518125107 | C164: H0260629 | D164: L | E164: 1936 | F164: TOTONG BIN GOMIHANG | G164: KOTA MARUDU | H164: MATUNGGONG | I164: LODUNG | J164: KG KIOPU | V164: 1
A165: 176 | B165: 360615125299 | C165: H0260630 | D165: L | E165: 1936 | F165: MOHIGAN BIN GUNTA'ANG | G165: KOTA MARUDU | H165: MATUNGGONG | I165: LODUNG | J165: KG KIOPU | V165: 1
A166: 177 | B166: 360722125139 | C166: H0278875 | D166: L | E166: 1936 | F166: KAMANDAN BIN UNGAT | G166: KOTA MARUDU | H166: MATUNGGONG | I166: LODUNG | J166: KG KIOPU | V166: 1
A167: 178 | B167: 380504125235 | C167: H0247406 | D167: L | E167: 1938 | F167: SUPIRING BIN SULING | G167: KOTA MARUDU | H167: MATUNGGONG | I167: LODUNG | J167: KG KIOPU | V167: 1
A168: 179 | B168: 380518125295 | C168: H0261765 | D168: L | E168: 1938 | F168: MOGAMPIS BIN BANDIGAN | G168: KOTA MARUDU | H168: MATUNGGONG | I168: LODUNG | J168: KG KIOPU | V168: 1
A169: 180 | B169: 380728125234 | C169: H0410705 | D169: P | E169: 1938 | F169: TALIPAN BINTI ANDAYAN | G169: KOTA MARUDU | H169: MATUNGGONG | I169: LODUNG | J169: KG KIOPU | V169: 1
A170: 181 | B170: 401012125108 | C170: H0261536 | D170: P | E170: 1940 | F170: INADASIT BINTI BIAKOG | G170: KOTA MARUDU | H170: MATUNGGONG | I170: LODUNG | J170: KG KIOPU | V170: 1
... A226: 237 | B226: 720406125774 | C226: H0962052 | D226: P | E226: 1972 | F226: JENNY @ LYNDA AZRINA BINTI MOSIDIN | G226: KOTA MARUDU | H226: MATUNGGONG | I226: LODUNG | J226: KG KIOPU | V226: 1
A227: 238 | B227: 720520125129 | D227: L | E227: 1972 | F227: JONURIP BIN TANKANG | G227: KOTA MARUDU | H227: MATUNGGONG | I227: LODUNG | J227: KG KIOPU | V227: 1
A228: 239 | B228: 721010125916 | D228: P | E228: 1972 | F228: FERLYEN BINTI MOJIRAT | G228: KOTA MARUDU | H228: MATUNGGONG | I228: LODUNG | J228: KG KIOPU | V228: 1
A229: 240 | B229: 740604125693 | C229: H0892290 | D229: L | E229: 1974 | F229: MOLISON BIN MOSIDIN | G229: KOTA MARUDU | H229: MATUNGGONG | I229: LODUNG | J229: KG KIOPU | V229: 1
A230: 241 | B230: 750201125583 | C230: H0911519 | D230: L | E230: 1975 | F230: NELSON BIN ADIU | G230: KOTA MARUDU | H230: MATUNGGONG | I230: LODUNG | J230: KG KIOPU | V230: 1
A231: 242 | B231: 751030125881 | D231: L | E231: 1975 | F231: JOHNY BIN MAJUAN | G231: KOTA MARUDU | H231: MATUNGGONG | I231: LODUNG | J231: KG KIOPU | V231: 1
A232: 243 | B232: 751125125614 | C232: H0923316 | D232: P | E232: 1975 | F232: JENNY BINTI SISUN | G232: KOTA MARUDU | H232: MATUNGGONG | I232: LODUNG | J232: KG KIOPU | V232: 1
A233: 244 | B233: 760602125866 | C233: H0966658 | D233: P | E233: 1976 | F233: SURIA BINTI MOSIDIN | G233: KOTA MARUDU | H233: MATUNGGONG | I233: LODUNG | J233: KG KIOPU | V233: 1
A234: 245 | B234: 760826125486 | C234: H0938750 | D234: P | E234: 1976 | F234: RATINAH BINTI UMIN | G234: KOTA MARUDU | H234: MATUNGGONG | I234: LODUNG | J234: KG KIOPU | V234: 1
A235: 246 | B235: 760831125122 | D235: P | E235: 1976 | F235: MONIE BINTI KOPITAN | G235: KOTA MARUDU | H235: MATUNGGONG | I235: LODUNG | J235: KG KIOPU | V235: 1
A236: 247 | B236: 770505125142 | D236: P | E236: 1977 | F236: LAINAH BINTI SUPIRING | G236: KOTA MARUDU | H236: MATUNGGONG | I236: LODUNG | J236: KG KIOPU | V236: 1
A237: 248 | B237: 780516125702 | D237: P | E237: 1978 | F237: SINURILIN BINTI YATI | G237: KOTA MARUDU | H237: MATUNGGONG | I237: LODUNG | J237: KG KIOPU | V237: 1
A238: 249 | B238: 000101120483 | D238: L | E238: 2000 | F238: RICYAS GERRY MALEYUN | G238: KOTA MARUDU | H238: MATUNGGONG | I238: LODUNG | J238: KG KIOPU | V238: 1
A239: 250 | B239: 000313120549 | D239: L | E239: 2000 | F239: LORENZO ESTAR PATIL | G239: KOTA MARUDU | H239: MATUNGGONG | I239: LODUNG | J239: KG KIOPU | V239: 1
A240: 251 | B240: 000317120204 | D240: P | E240: 2000 | F240: VRONA LINDA JUHANI RICKO | G240: KOTA MARUDU | H240: MATUNGGONG | I240: LODUNG | J240: KG KIOPU | V240: 1
A241: 252 | B241: 000319120451 | D241: L | E241: 2000 | F241: HEREXSON JAMES | G241: KOTA MARUDU | H241: MATUNGGONG | I241: LODUNG | J241: KG KIOPU | V241: 1
A242: 253 | B242: 000421120423 | D242: L | E242: 2000 | F242: AZMIEE BIN MOSAMIN | G242: KOTA MARUDU | H242: MATUNGGONG | I242: LODUNG | J242: KG KIOPU | V242: 1
...
